--
-- PostgreSQL database dump
--

-- Dumped from database version 15.3
-- Dumped by pg_dump version 16.3

-- Started on 2024-09-06 17:35:04

SET statement_timeout = 0;
SET lock_timeout = 0;
SET idle_in_transaction_session_timeout = 0;
SET client_encoding = 'UTF8';
SET standard_conforming_strings = on;
SELECT pg_catalog.set_config('search_path', '', false);
SET check_function_bodies = false;
SET xmloption = content;
SET client_min_messages = warning;
SET row_security = off;

SET default_tablespace = '';

SET default_table_access_method = heap;

--
-- TOC entry 257 (class 1259 OID 38936)
-- Name: Cabinets; Type: TABLE; Schema: public; Owner: postgres
--

CREATE TABLE public."Cabinets" (
    id integer NOT NULL,
    name character varying(255) NOT NULL,
    school_id integer
);


ALTER TABLE public."Cabinets" OWNER TO postgres;

--
-- TOC entry 256 (class 1259 OID 38935)
-- Name: Cabinets_id_seq; Type: SEQUENCE; Schema: public; Owner: postgres
--

ALTER TABLE public."Cabinets" ALTER COLUMN id ADD GENERATED BY DEFAULT AS IDENTITY (
    SEQUENCE NAME public."Cabinets_id_seq"
    START WITH 1
    INCREMENT BY 1
    NO MINVALUE
    NO MAXVALUE
    CACHE 1
);


--
-- TOC entry 259 (class 1259 OID 38942)
-- Name: Classes; Type: TABLE; Schema: public; Owner: postgres
--

CREATE TABLE public."Classes" (
    id integer NOT NULL,
    name character varying(255) NOT NULL,
    cabinet_id integer,
    tutor_id integer
);


ALTER TABLE public."Classes" OWNER TO postgres;

--
-- TOC entry 258 (class 1259 OID 38941)
-- Name: Classes_id_seq; Type: SEQUENCE; Schema: public; Owner: postgres
--

ALTER TABLE public."Classes" ALTER COLUMN id ADD GENERATED BY DEFAULT AS IDENTITY (
    SEQUENCE NAME public."Classes_id_seq"
    START WITH 1
    INCREMENT BY 1
    NO MINVALUE
    NO MAXVALUE
    CACHE 1
);


--
-- TOC entry 255 (class 1259 OID 38834)
-- Name: Directors; Type: TABLE; Schema: public; Owner: postgres
--

CREATE TABLE public."Directors" (
    id integer NOT NULL,
    is_active boolean NOT NULL,
    school_id integer NOT NULL,
    user_id integer NOT NULL
);


ALTER TABLE public."Directors" OWNER TO postgres;

--
-- TOC entry 254 (class 1259 OID 38833)
-- Name: Directors_id_seq; Type: SEQUENCE; Schema: public; Owner: postgres
--

ALTER TABLE public."Directors" ALTER COLUMN id ADD GENERATED BY DEFAULT AS IDENTITY (
    SEQUENCE NAME public."Directors_id_seq"
    START WITH 1
    INCREMENT BY 1
    NO MINVALUE
    NO MAXVALUE
    CACHE 1
);


--
-- TOC entry 253 (class 1259 OID 38828)
-- Name: FacultativeTeachers; Type: TABLE; Schema: public; Owner: postgres
--

CREATE TABLE public."FacultativeTeachers" (
    id integer NOT NULL,
    is_active boolean NOT NULL,
    school_id integer NOT NULL,
    user_id integer NOT NULL
);


ALTER TABLE public."FacultativeTeachers" OWNER TO postgres;

--
-- TOC entry 252 (class 1259 OID 38827)
-- Name: FacultativeTeachers_id_seq; Type: SEQUENCE; Schema: public; Owner: postgres
--

ALTER TABLE public."FacultativeTeachers" ALTER COLUMN id ADD GENERATED BY DEFAULT AS IDENTITY (
    SEQUENCE NAME public."FacultativeTeachers_id_seq"
    START WITH 1
    INCREMENT BY 1
    NO MINVALUE
    NO MAXVALUE
    CACHE 1
);


--
-- TOC entry 251 (class 1259 OID 38822)
-- Name: Foods; Type: TABLE; Schema: public; Owner: postgres
--

CREATE TABLE public."Foods" (
    id integer NOT NULL,
    is_active boolean NOT NULL,
    school_id integer NOT NULL,
    user_id integer NOT NULL
);


ALTER TABLE public."Foods" OWNER TO postgres;

--
-- TOC entry 250 (class 1259 OID 38821)
-- Name: Foods_id_seq; Type: SEQUENCE; Schema: public; Owner: postgres
--

ALTER TABLE public."Foods" ALTER COLUMN id ADD GENERATED BY DEFAULT AS IDENTITY (
    SEQUENCE NAME public."Foods_id_seq"
    START WITH 1
    INCREMENT BY 1
    NO MINVALUE
    NO MAXVALUE
    CACHE 1
);


--
-- TOC entry 261 (class 1259 OID 38948)
-- Name: Groups; Type: TABLE; Schema: public; Owner: postgres
--

CREATE TABLE public."Groups" (
    id integer NOT NULL,
    name character varying(255) NOT NULL,
    cls_id integer,
    school_id integer
);


ALTER TABLE public."Groups" OWNER TO postgres;

--
-- TOC entry 260 (class 1259 OID 38947)
-- Name: Groups_id_seq; Type: SEQUENCE; Schema: public; Owner: postgres
--

ALTER TABLE public."Groups" ALTER COLUMN id ADD GENERATED BY DEFAULT AS IDENTITY (
    SEQUENCE NAME public."Groups_id_seq"
    START WITH 1
    INCREMENT BY 1
    NO MINVALUE
    NO MAXVALUE
    CACHE 1
);


--
-- TOC entry 263 (class 1259 OID 38954)
-- Name: Lessons; Type: TABLE; Schema: public; Owner: postgres
--

CREATE TABLE public."Lessons" (
    id integer NOT NULL,
    facultative_teacher_id integer,
    object_id integer,
    teacher_id integer
);


ALTER TABLE public."Lessons" OWNER TO postgres;

--
-- TOC entry 262 (class 1259 OID 38953)
-- Name: Lessons_id_seq; Type: SEQUENCE; Schema: public; Owner: postgres
--

ALTER TABLE public."Lessons" ALTER COLUMN id ADD GENERATED BY DEFAULT AS IDENTITY (
    SEQUENCE NAME public."Lessons_id_seq"
    START WITH 1
    INCREMENT BY 1
    NO MINVALUE
    NO MAXVALUE
    CACHE 1
);


--
-- TOC entry 269 (class 1259 OID 38974)
-- Name: Objects; Type: TABLE; Schema: public; Owner: postgres
--

CREATE TABLE public."Objects" (
    id integer NOT NULL,
    name character varying(255) NOT NULL,
    school_id integer
);


ALTER TABLE public."Objects" OWNER TO postgres;

--
-- TOC entry 268 (class 1259 OID 38973)
-- Name: Objects_id_seq; Type: SEQUENCE; Schema: public; Owner: postgres
--

ALTER TABLE public."Objects" ALTER COLUMN id ADD GENERATED BY DEFAULT AS IDENTITY (
    SEQUENCE NAME public."Objects_id_seq"
    START WITH 1
    INCREMENT BY 1
    NO MINVALUE
    NO MAXVALUE
    CACHE 1
);


--
-- TOC entry 249 (class 1259 OID 38816)
-- Name: ParentChild; Type: TABLE; Schema: public; Owner: postgres
--

CREATE TABLE public."ParentChild" (
    id integer NOT NULL,
    child_id integer NOT NULL,
    parent_id integer NOT NULL
);


ALTER TABLE public."ParentChild" OWNER TO postgres;

--
-- TOC entry 237 (class 1259 OID 38776)
-- Name: ParentChild1C; Type: TABLE; Schema: public; Owner: postgres
--

CREATE TABLE public."ParentChild1C" (
    id bigint NOT NULL,
    "child_UID" character varying(128) NOT NULL,
    child_surname character varying(50) NOT NULL,
    child_name character varying(50),
    child_middle_name character varying(255),
    child_male character varying,
    child_birthday date,
    child_passport_series character varying(50),
    child_passport_number character varying(50),
    child_certificate_series character varying(50),
    child_certificate_number character varying(50),
    "parent_UID" character varying(128) NOT NULL,
    parent_surname character varying(50) NOT NULL,
    parent_name character varying(50),
    parent_middle_name character varying(255),
    parent_male character varying,
    parent_birthday date,
    parent_passport_series character varying(50),
    parent_passport_number character varying(50),
    parent_phone character varying(128)
);


ALTER TABLE public."ParentChild1C" OWNER TO postgres;

--
-- TOC entry 236 (class 1259 OID 38775)
-- Name: ParentChild1C_id_seq; Type: SEQUENCE; Schema: public; Owner: postgres
--

ALTER TABLE public."ParentChild1C" ALTER COLUMN id ADD GENERATED BY DEFAULT AS IDENTITY (
    SEQUENCE NAME public."ParentChild1C_id_seq"
    START WITH 1
    INCREMENT BY 1
    NO MINVALUE
    NO MAXVALUE
    CACHE 1
);


--
-- TOC entry 248 (class 1259 OID 38815)
-- Name: ParentChild_id_seq; Type: SEQUENCE; Schema: public; Owner: postgres
--

ALTER TABLE public."ParentChild" ALTER COLUMN id ADD GENERATED BY DEFAULT AS IDENTITY (
    SEQUENCE NAME public."ParentChild_id_seq"
    START WITH 1
    INCREMENT BY 1
    NO MINVALUE
    NO MAXVALUE
    CACHE 1
);


--
-- TOC entry 241 (class 1259 OID 38792)
-- Name: Parents; Type: TABLE; Schema: public; Owner: postgres
--

CREATE TABLE public."Parents" (
    id integer NOT NULL,
    is_active boolean NOT NULL,
    school_id integer NOT NULL,
    user_id integer NOT NULL
);


ALTER TABLE public."Parents" OWNER TO postgres;

--
-- TOC entry 240 (class 1259 OID 38791)
-- Name: Parents_id_seq; Type: SEQUENCE; Schema: public; Owner: postgres
--

ALTER TABLE public."Parents" ALTER COLUMN id ADD GENERATED BY DEFAULT AS IDENTITY (
    SEQUENCE NAME public."Parents_id_seq"
    START WITH 1
    INCREMENT BY 1
    NO MINVALUE
    NO MAXVALUE
    CACHE 1
);


--
-- TOC entry 239 (class 1259 OID 38784)
-- Name: Partners1C; Type: TABLE; Schema: public; Owner: postgres
--

CREATE TABLE public."Partners1C" (
    id bigint NOT NULL,
    "UID" character varying(128) NOT NULL,
    surname character varying(50) NOT NULL,
    name character varying(50),
    middle_name character varying(255),
    male character varying,
    birthday date,
    phone character varying(128),
    passport_series character varying(50),
    passport_number character varying(50)
);


ALTER TABLE public."Partners1C" OWNER TO postgres;

--
-- TOC entry 238 (class 1259 OID 38783)
-- Name: Partners1C_id_seq; Type: SEQUENCE; Schema: public; Owner: postgres
--

ALTER TABLE public."Partners1C" ALTER COLUMN id ADD GENERATED BY DEFAULT AS IDENTITY (
    SEQUENCE NAME public."Partners1C_id_seq"
    START WITH 1
    INCREMENT BY 1
    NO MINVALUE
    NO MAXVALUE
    CACHE 1
);


--
-- TOC entry 225 (class 1259 OID 38677)
-- Name: Photos; Type: TABLE; Schema: public; Owner: postgres
--

CREATE TABLE public."Photos" (
    id integer NOT NULL,
    photo character varying(100) NOT NULL,
    photo_min character varying(100)
);


ALTER TABLE public."Photos" OWNER TO postgres;

--
-- TOC entry 224 (class 1259 OID 38676)
-- Name: Photos_id_seq; Type: SEQUENCE; Schema: public; Owner: postgres
--

ALTER TABLE public."Photos" ALTER COLUMN id ADD GENERATED BY DEFAULT AS IDENTITY (
    SEQUENCE NAME public."Photos_id_seq"
    START WITH 1
    INCREMENT BY 1
    NO MINVALUE
    NO MAXVALUE
    CACHE 1
);


--
-- TOC entry 267 (class 1259 OID 38966)
-- Name: Schedules; Type: TABLE; Schema: public; Owner: postgres
--

CREATE TABLE public."Schedules" (
    id integer NOT NULL,
    comment character varying(255),
    replace_comment character varying(255),
    is_cancelled boolean NOT NULL,
    cancelled_comment character varying(255),
    cabinet_id integer,
    cls_id integer,
    group_id integer,
    lesson_id integer,
    lesson_replace_id integer,
    student_id integer,
    time_lesson_id integer,
    "end" timestamp with time zone NOT NULL,
    number integer,
    start timestamp with time zone NOT NULL
);


ALTER TABLE public."Schedules" OWNER TO postgres;

--
-- TOC entry 266 (class 1259 OID 38965)
-- Name: Schedules_id_seq; Type: SEQUENCE; Schema: public; Owner: postgres
--

ALTER TABLE public."Schedules" ALTER COLUMN id ADD GENERATED BY DEFAULT AS IDENTITY (
    SEQUENCE NAME public."Schedules_id_seq"
    START WITH 1
    INCREMENT BY 1
    NO MINVALUE
    NO MAXVALUE
    CACHE 1
);


--
-- TOC entry 227 (class 1259 OID 38683)
-- Name: SchoolsDB; Type: TABLE; Schema: public; Owner: postgres
--

CREATE TABLE public."SchoolsDB" (
    id integer NOT NULL,
    name character varying(255) NOT NULL,
    is_active boolean NOT NULL,
    photo_id integer,
    timezone character varying NOT NULL
);


ALTER TABLE public."SchoolsDB" OWNER TO postgres;

--
-- TOC entry 226 (class 1259 OID 38682)
-- Name: SchoolsDB_id_seq; Type: SEQUENCE; Schema: public; Owner: postgres
--

ALTER TABLE public."SchoolsDB" ALTER COLUMN id ADD GENERATED BY DEFAULT AS IDENTITY (
    SEQUENCE NAME public."SchoolsDB_id_seq"
    START WITH 1
    INCREMENT BY 1
    NO MINVALUE
    NO MAXVALUE
    CACHE 1
);


--
-- TOC entry 276 (class 1259 OID 47383)
-- Name: StudentClasses; Type: TABLE; Schema: public; Owner: postgres
--

CREATE TABLE public."StudentClasses" (
    id integer NOT NULL,
    cls_id integer NOT NULL,
    student_id integer NOT NULL
);


ALTER TABLE public."StudentClasses" OWNER TO postgres;

--
-- TOC entry 275 (class 1259 OID 47382)
-- Name: StudentClasses_id_seq; Type: SEQUENCE; Schema: public; Owner: postgres
--

ALTER TABLE public."StudentClasses" ALTER COLUMN id ADD GENERATED BY DEFAULT AS IDENTITY (
    SEQUENCE NAME public."StudentClasses_id_seq"
    START WITH 1
    INCREMENT BY 1
    NO MINVALUE
    NO MAXVALUE
    CACHE 1
);


--
-- TOC entry 278 (class 1259 OID 47389)
-- Name: StudentGroups; Type: TABLE; Schema: public; Owner: postgres
--

CREATE TABLE public."StudentGroups" (
    id integer NOT NULL,
    group_id integer NOT NULL,
    student_id integer NOT NULL
);


ALTER TABLE public."StudentGroups" OWNER TO postgres;

--
-- TOC entry 277 (class 1259 OID 47388)
-- Name: StudentGroups_id_seq; Type: SEQUENCE; Schema: public; Owner: postgres
--

ALTER TABLE public."StudentGroups" ALTER COLUMN id ADD GENERATED BY DEFAULT AS IDENTITY (
    SEQUENCE NAME public."StudentGroups_id_seq"
    START WITH 1
    INCREMENT BY 1
    NO MINVALUE
    NO MAXVALUE
    CACHE 1
);


--
-- TOC entry 247 (class 1259 OID 38810)
-- Name: Students; Type: TABLE; Schema: public; Owner: postgres
--

CREATE TABLE public."Students" (
    id integer NOT NULL,
    is_active boolean NOT NULL,
    school_id integer NOT NULL,
    user_id integer NOT NULL
);


ALTER TABLE public."Students" OWNER TO postgres;

--
-- TOC entry 246 (class 1259 OID 38809)
-- Name: Students_id_seq; Type: SEQUENCE; Schema: public; Owner: postgres
--

ALTER TABLE public."Students" ALTER COLUMN id ADD GENERATED BY DEFAULT AS IDENTITY (
    SEQUENCE NAME public."Students_id_seq"
    START WITH 1
    INCREMENT BY 1
    NO MINVALUE
    NO MAXVALUE
    CACHE 1
);


--
-- TOC entry 245 (class 1259 OID 38804)
-- Name: Teachers; Type: TABLE; Schema: public; Owner: postgres
--

CREATE TABLE public."Teachers" (
    id integer NOT NULL,
    is_active boolean NOT NULL,
    school_id integer NOT NULL,
    user_id integer NOT NULL
);


ALTER TABLE public."Teachers" OWNER TO postgres;

--
-- TOC entry 244 (class 1259 OID 38803)
-- Name: Teachers_id_seq; Type: SEQUENCE; Schema: public; Owner: postgres
--

ALTER TABLE public."Teachers" ALTER COLUMN id ADD GENERATED BY DEFAULT AS IDENTITY (
    SEQUENCE NAME public."Teachers_id_seq"
    START WITH 1
    INCREMENT BY 1
    NO MINVALUE
    NO MAXVALUE
    CACHE 1
);


--
-- TOC entry 265 (class 1259 OID 38960)
-- Name: TimeLessons; Type: TABLE; Schema: public; Owner: postgres
--

CREATE TABLE public."TimeLessons" (
    id integer NOT NULL,
    period character varying(255) NOT NULL,
    lesson1_start time without time zone NOT NULL,
    lesson1_end time without time zone NOT NULL,
    lesson2_start time without time zone NOT NULL,
    lesson2_end time without time zone NOT NULL,
    lesson3_start time without time zone NOT NULL,
    lesson3_end time without time zone NOT NULL,
    lesson4_start time without time zone NOT NULL,
    lesson4_end time without time zone NOT NULL,
    lesson5_start time without time zone NOT NULL,
    lesson5_end time without time zone NOT NULL,
    lesson6_start time without time zone NOT NULL,
    lesson6_end time without time zone NOT NULL,
    lesson7_start time without time zone,
    lesson7_end time without time zone,
    lesson8_start time without time zone,
    lesson8_end time without time zone,
    lesson9_start time without time zone,
    lesson9_end time without time zone,
    lesson10_start time without time zone,
    lesson10_end time without time zone,
    school_id integer
);


ALTER TABLE public."TimeLessons" OWNER TO postgres;

--
-- TOC entry 264 (class 1259 OID 38959)
-- Name: TimeLessons_id_seq; Type: SEQUENCE; Schema: public; Owner: postgres
--

ALTER TABLE public."TimeLessons" ALTER COLUMN id ADD GENERATED BY DEFAULT AS IDENTITY (
    SEQUENCE NAME public."TimeLessons_id_seq"
    START WITH 1
    INCREMENT BY 1
    NO MINVALUE
    NO MAXVALUE
    CACHE 1
);


--
-- TOC entry 243 (class 1259 OID 38798)
-- Name: Tutors; Type: TABLE; Schema: public; Owner: postgres
--

CREATE TABLE public."Tutors" (
    id integer NOT NULL,
    is_active boolean NOT NULL,
    school_id integer NOT NULL,
    user_id integer NOT NULL
);


ALTER TABLE public."Tutors" OWNER TO postgres;

--
-- TOC entry 242 (class 1259 OID 38797)
-- Name: Tutors_id_seq; Type: SEQUENCE; Schema: public; Owner: postgres
--

ALTER TABLE public."Tutors" ALTER COLUMN id ADD GENERATED BY DEFAULT AS IDENTITY (
    SEQUENCE NAME public."Tutors_id_seq"
    START WITH 1
    INCREMENT BY 1
    NO MINVALUE
    NO MAXVALUE
    CACHE 1
);


--
-- TOC entry 229 (class 1259 OID 38691)
-- Name: Users; Type: TABLE; Schema: public; Owner: postgres
--

CREATE TABLE public."Users" (
    password character varying(128) NOT NULL,
    id integer NOT NULL,
    username character varying(50) NOT NULL,
    surname character varying(50) NOT NULL,
    name character varying(50) NOT NULL,
    middle_name character varying(255),
    male character varying,
    birthday date,
    phone character varying(128),
    email character varying(254),
    passport_series character varying(50),
    passport_number character varying(50),
    certificate_series character varying(50),
    certificate_number character varying(50),
    is_active boolean NOT NULL,
    date_joined timestamp with time zone NOT NULL,
    last_login timestamp with time zone,
    is_superuser boolean NOT NULL,
    role_is_active boolean,
    photo_id integer
);


ALTER TABLE public."Users" OWNER TO postgres;

--
-- TOC entry 231 (class 1259 OID 38701)
-- Name: Users_groups; Type: TABLE; Schema: public; Owner: postgres
--

CREATE TABLE public."Users_groups" (
    id bigint NOT NULL,
    user_id integer NOT NULL,
    group_id integer NOT NULL
);


ALTER TABLE public."Users_groups" OWNER TO postgres;

--
-- TOC entry 230 (class 1259 OID 38700)
-- Name: Users_groups_id_seq; Type: SEQUENCE; Schema: public; Owner: postgres
--

ALTER TABLE public."Users_groups" ALTER COLUMN id ADD GENERATED BY DEFAULT AS IDENTITY (
    SEQUENCE NAME public."Users_groups_id_seq"
    START WITH 1
    INCREMENT BY 1
    NO MINVALUE
    NO MAXVALUE
    CACHE 1
);


--
-- TOC entry 228 (class 1259 OID 38690)
-- Name: Users_id_seq; Type: SEQUENCE; Schema: public; Owner: postgres
--

ALTER TABLE public."Users" ALTER COLUMN id ADD GENERATED BY DEFAULT AS IDENTITY (
    SEQUENCE NAME public."Users_id_seq"
    START WITH 1
    INCREMENT BY 1
    NO MINVALUE
    NO MAXVALUE
    CACHE 1
);


--
-- TOC entry 233 (class 1259 OID 38707)
-- Name: Users_user_permissions; Type: TABLE; Schema: public; Owner: postgres
--

CREATE TABLE public."Users_user_permissions" (
    id bigint NOT NULL,
    user_id integer NOT NULL,
    permission_id integer NOT NULL
);


ALTER TABLE public."Users_user_permissions" OWNER TO postgres;

--
-- TOC entry 232 (class 1259 OID 38706)
-- Name: Users_user_permissions_id_seq; Type: SEQUENCE; Schema: public; Owner: postgres
--

ALTER TABLE public."Users_user_permissions" ALTER COLUMN id ADD GENERATED BY DEFAULT AS IDENTITY (
    SEQUENCE NAME public."Users_user_permissions_id_seq"
    START WITH 1
    INCREMENT BY 1
    NO MINVALUE
    NO MAXVALUE
    CACHE 1
);


--
-- TOC entry 221 (class 1259 OID 38637)
-- Name: auth_group; Type: TABLE; Schema: public; Owner: postgres
--

CREATE TABLE public.auth_group (
    id integer NOT NULL,
    name character varying(150) NOT NULL
);


ALTER TABLE public.auth_group OWNER TO postgres;

--
-- TOC entry 220 (class 1259 OID 38636)
-- Name: auth_group_id_seq; Type: SEQUENCE; Schema: public; Owner: postgres
--

ALTER TABLE public.auth_group ALTER COLUMN id ADD GENERATED BY DEFAULT AS IDENTITY (
    SEQUENCE NAME public.auth_group_id_seq
    START WITH 1
    INCREMENT BY 1
    NO MINVALUE
    NO MAXVALUE
    CACHE 1
);


--
-- TOC entry 223 (class 1259 OID 38645)
-- Name: auth_group_permissions; Type: TABLE; Schema: public; Owner: postgres
--

CREATE TABLE public.auth_group_permissions (
    id bigint NOT NULL,
    group_id integer NOT NULL,
    permission_id integer NOT NULL
);


ALTER TABLE public.auth_group_permissions OWNER TO postgres;

--
-- TOC entry 222 (class 1259 OID 38644)
-- Name: auth_group_permissions_id_seq; Type: SEQUENCE; Schema: public; Owner: postgres
--

ALTER TABLE public.auth_group_permissions ALTER COLUMN id ADD GENERATED BY DEFAULT AS IDENTITY (
    SEQUENCE NAME public.auth_group_permissions_id_seq
    START WITH 1
    INCREMENT BY 1
    NO MINVALUE
    NO MAXVALUE
    CACHE 1
);


--
-- TOC entry 219 (class 1259 OID 38631)
-- Name: auth_permission; Type: TABLE; Schema: public; Owner: postgres
--

CREATE TABLE public.auth_permission (
    id integer NOT NULL,
    name character varying(255) NOT NULL,
    content_type_id integer NOT NULL,
    codename character varying(100) NOT NULL
);


ALTER TABLE public.auth_permission OWNER TO postgres;

--
-- TOC entry 218 (class 1259 OID 38630)
-- Name: auth_permission_id_seq; Type: SEQUENCE; Schema: public; Owner: postgres
--

ALTER TABLE public.auth_permission ALTER COLUMN id ADD GENERATED BY DEFAULT AS IDENTITY (
    SEQUENCE NAME public.auth_permission_id_seq
    START WITH 1
    INCREMENT BY 1
    NO MINVALUE
    NO MAXVALUE
    CACHE 1
);


--
-- TOC entry 235 (class 1259 OID 38755)
-- Name: django_admin_log; Type: TABLE; Schema: public; Owner: postgres
--

CREATE TABLE public.django_admin_log (
    id integer NOT NULL,
    action_time timestamp with time zone NOT NULL,
    object_id text,
    object_repr character varying(200) NOT NULL,
    action_flag smallint NOT NULL,
    change_message text NOT NULL,
    content_type_id integer,
    user_id integer NOT NULL,
    CONSTRAINT django_admin_log_action_flag_check CHECK ((action_flag >= 0))
);


ALTER TABLE public.django_admin_log OWNER TO postgres;

--
-- TOC entry 234 (class 1259 OID 38754)
-- Name: django_admin_log_id_seq; Type: SEQUENCE; Schema: public; Owner: postgres
--

ALTER TABLE public.django_admin_log ALTER COLUMN id ADD GENERATED BY DEFAULT AS IDENTITY (
    SEQUENCE NAME public.django_admin_log_id_seq
    START WITH 1
    INCREMENT BY 1
    NO MINVALUE
    NO MAXVALUE
    CACHE 1
);


--
-- TOC entry 217 (class 1259 OID 38623)
-- Name: django_content_type; Type: TABLE; Schema: public; Owner: postgres
--

CREATE TABLE public.django_content_type (
    id integer NOT NULL,
    app_label character varying(100) NOT NULL,
    model character varying(100) NOT NULL
);


ALTER TABLE public.django_content_type OWNER TO postgres;

--
-- TOC entry 216 (class 1259 OID 38622)
-- Name: django_content_type_id_seq; Type: SEQUENCE; Schema: public; Owner: postgres
--

ALTER TABLE public.django_content_type ALTER COLUMN id ADD GENERATED BY DEFAULT AS IDENTITY (
    SEQUENCE NAME public.django_content_type_id_seq
    START WITH 1
    INCREMENT BY 1
    NO MINVALUE
    NO MAXVALUE
    CACHE 1
);


--
-- TOC entry 215 (class 1259 OID 38615)
-- Name: django_migrations; Type: TABLE; Schema: public; Owner: postgres
--

CREATE TABLE public.django_migrations (
    id bigint NOT NULL,
    app character varying(255) NOT NULL,
    name character varying(255) NOT NULL,
    applied timestamp with time zone NOT NULL
);


ALTER TABLE public.django_migrations OWNER TO postgres;

--
-- TOC entry 214 (class 1259 OID 38614)
-- Name: django_migrations_id_seq; Type: SEQUENCE; Schema: public; Owner: postgres
--

ALTER TABLE public.django_migrations ALTER COLUMN id ADD GENERATED BY DEFAULT AS IDENTITY (
    SEQUENCE NAME public.django_migrations_id_seq
    START WITH 1
    INCREMENT BY 1
    NO MINVALUE
    NO MAXVALUE
    CACHE 1
);


--
-- TOC entry 270 (class 1259 OID 39081)
-- Name: django_session; Type: TABLE; Schema: public; Owner: postgres
--

CREATE TABLE public.django_session (
    session_key character varying(40) NOT NULL,
    session_data text NOT NULL,
    expire_date timestamp with time zone NOT NULL
);


ALTER TABLE public.django_session OWNER TO postgres;

--
-- TOC entry 272 (class 1259 OID 39091)
-- Name: token_blacklist_blacklistedtoken; Type: TABLE; Schema: public; Owner: postgres
--

CREATE TABLE public.token_blacklist_blacklistedtoken (
    id bigint NOT NULL,
    blacklisted_at timestamp with time zone NOT NULL,
    token_id bigint NOT NULL
);


ALTER TABLE public.token_blacklist_blacklistedtoken OWNER TO postgres;

--
-- TOC entry 271 (class 1259 OID 39090)
-- Name: token_blacklist_blacklistedtoken_id_seq; Type: SEQUENCE; Schema: public; Owner: postgres
--

ALTER TABLE public.token_blacklist_blacklistedtoken ALTER COLUMN id ADD GENERATED BY DEFAULT AS IDENTITY (
    SEQUENCE NAME public.token_blacklist_blacklistedtoken_id_seq
    START WITH 1
    INCREMENT BY 1
    NO MINVALUE
    NO MAXVALUE
    CACHE 1
);


--
-- TOC entry 274 (class 1259 OID 39097)
-- Name: token_blacklist_outstandingtoken; Type: TABLE; Schema: public; Owner: postgres
--

CREATE TABLE public.token_blacklist_outstandingtoken (
    id bigint NOT NULL,
    token text NOT NULL,
    created_at timestamp with time zone,
    expires_at timestamp with time zone NOT NULL,
    user_id integer,
    jti character varying(255) NOT NULL
);


ALTER TABLE public.token_blacklist_outstandingtoken OWNER TO postgres;

--
-- TOC entry 273 (class 1259 OID 39096)
-- Name: token_blacklist_outstandingtoken_id_seq; Type: SEQUENCE; Schema: public; Owner: postgres
--

ALTER TABLE public.token_blacklist_outstandingtoken ALTER COLUMN id ADD GENERATED BY DEFAULT AS IDENTITY (
    SEQUENCE NAME public.token_blacklist_outstandingtoken_id_seq
    START WITH 1
    INCREMENT BY 1
    NO MINVALUE
    NO MAXVALUE
    CACHE 1
);


--
-- TOC entry 3709 (class 0 OID 38936)
-- Dependencies: 257
-- Data for Name: Cabinets; Type: TABLE DATA; Schema: public; Owner: postgres
--

COPY public."Cabinets" (id, name, school_id) FROM stdin;
1	Кабинет №1	1
2	Кабинет №2	1
3	Кабинет №3	1
4	name	2
\.


--
-- TOC entry 3711 (class 0 OID 38942)
-- Dependencies: 259
-- Data for Name: Classes; Type: TABLE DATA; Schema: public; Owner: postgres
--

COPY public."Classes" (id, name, cabinet_id, tutor_id) FROM stdin;
1	10А	1	1
2	9Б	2	1
4	name	4	2
\.


--
-- TOC entry 3707 (class 0 OID 38834)
-- Dependencies: 255
-- Data for Name: Directors; Type: TABLE DATA; Schema: public; Owner: postgres
--

COPY public."Directors" (id, is_active, school_id, user_id) FROM stdin;
1	t	1	5
\.


--
-- TOC entry 3705 (class 0 OID 38828)
-- Dependencies: 253
-- Data for Name: FacultativeTeachers; Type: TABLE DATA; Schema: public; Owner: postgres
--

COPY public."FacultativeTeachers" (id, is_active, school_id, user_id) FROM stdin;
1	t	1	15
2	t	1	16
3	t	2	16
\.


--
-- TOC entry 3703 (class 0 OID 38822)
-- Dependencies: 251
-- Data for Name: Foods; Type: TABLE DATA; Schema: public; Owner: postgres
--

COPY public."Foods" (id, is_active, school_id, user_id) FROM stdin;
\.


--
-- TOC entry 3713 (class 0 OID 38948)
-- Dependencies: 261
-- Data for Name: Groups; Type: TABLE DATA; Schema: public; Owner: postgres
--

COPY public."Groups" (id, name, cls_id, school_id) FROM stdin;
1	name	\N	1
2	name2	2	\N
3	name3	4	\N
4	name2	\N	2
\.


--
-- TOC entry 3715 (class 0 OID 38954)
-- Dependencies: 263
-- Data for Name: Lessons; Type: TABLE DATA; Schema: public; Owner: postgres
--

COPY public."Lessons" (id, facultative_teacher_id, object_id, teacher_id) FROM stdin;
1	\N	1	1
3	\N	3	2
4	\N	2	3
5	\N	4	4
6	\N	5	5
7	\N	6	6
8	\N	7	7
9	\N	8	8
10	1	9	\N
11	2	10	\N
12	\N	7	9
13	3	12	\N
\.


--
-- TOC entry 3721 (class 0 OID 38974)
-- Dependencies: 269
-- Data for Name: Objects; Type: TABLE DATA; Schema: public; Owner: postgres
--

COPY public."Objects" (id, name, school_id) FROM stdin;
2	Китайский язык	1
3	Информатика	1
1	Русский язык	1
4	Биология	1
5	Алгебра	1
6	Геометрия	1
7	Физика	1
8	Химия	1
9	Node JS	1
10	Вышивание крестиком	1
11	name	2
12	фак для 2 школы	2
\.


--
-- TOC entry 3701 (class 0 OID 38816)
-- Dependencies: 249
-- Data for Name: ParentChild; Type: TABLE DATA; Schema: public; Owner: postgres
--

COPY public."ParentChild" (id, child_id, parent_id) FROM stdin;
1	1	1
\.


--
-- TOC entry 3689 (class 0 OID 38776)
-- Dependencies: 237
-- Data for Name: ParentChild1C; Type: TABLE DATA; Schema: public; Owner: postgres
--

COPY public."ParentChild1C" (id, "child_UID", child_surname, child_name, child_middle_name, child_male, child_birthday, child_passport_series, child_passport_number, child_certificate_series, child_certificate_number, "parent_UID", parent_surname, parent_name, parent_middle_name, parent_male, parent_birthday, parent_passport_series, parent_passport_number, parent_phone) FROM stdin;
1	cb3404fd-1713-11ee-a276-00155d3d1623	Мигин	Евгений	Сергеевич	MALE	2012-01-05	\N	\N	I-ИЗ	793039	44ef1073-36b0-11ea-a214-00155d31150c	Мигин	Сергей	Николаевич	MALE	\N	5601	400616	+79022077600
2	cd14bcc8-417b-11ee-a27d-00155d3d1623	Адамова	Мария	Олеговна	FEMALE	2012-02-17	\N	\N	I-ИЗ	792033	2e0a5ffc-417c-11ee-a27d-00155d3d1623	Адамова	Татьяна	Николаевна	FEMALE	1972-09-29	5617	423624	+79033234005
4	c3830b50-a3b4-11ee-a283-00155d3d1623	Пашков	Тимофей	Романович	MALE	2012-04-05	\N	\N	I-ИЗ	792118	6a2cc9b6-a3b4-11ee-a283-00155d3d1623	Пашкова	Юлия	Юрьевна	FEMALE	1979-05-27	5619	527534	+79674464004
5	aabeefe1-a3b5-11ee-a283-00155d3d1623	Лукина	Виктория	Викторовна	FEMALE	2012-05-03	\N	\N	I-ИЗ	792188	5271a762-a3b5-11ee-a283-00155d3d1623	Мясина	Ирина	Олеговна	FEMALE	1987-08-09	5614	242354	+79270982353
6	ceaaa5f8-3c37-11ee-a27b-00155d3d1623	Шпедт	Ярослав	Ребертович	MALE	2012-05-10	\N	\N	II-ИЗ	541361	da8d6092-3d92-11ee-a27d-00155d3d1623	Шпедт	Татьяна	Васильевна	FEMALE	1975-07-09	5620	577622	\N
8	dfd5d9f9-34f3-11ee-a279-00155d3d1623	Ермолаева	Анна	Николаевна	FEMALE	2012-06-30	\N	\N	I-ИЗ	807555	b13c53a2-34f4-11ee-a279-00155d3d1623	Нестерова	Ольга	Олеговна	FEMALE	1984-03-21	5603	318849	+79022042628
22	d146a9e8-bb63-11ee-a285-00155d3d1623	Козлов	Николай	Михайлович	MALE	2006-07-25	5620	575868	\N	\N	72acdbf1-bb63-11ee-a285-00155d3d1623	Вечканова	Елена	Анатольевна	FEMALE	1983-10-08	5603	351170	+79631002303
23	02ee2a84-0b25-11ec-a24d-00155d3d1623	Сериков	Иван	Владимирович	MALE	\N	\N	\N	1-ИЗ	871972	3f241b1a-0b25-11ec-a24d-00155d3d1623	Серикова	Анна	Алексеевна	FEMALE	\N	0713	862124	+79270919629
9	03831bbb-81ca-11ed-a269-00155d3d1623	Жулябин	Матвей	Романович	MALE	\N	\N	\N	\N	\N	e9294093-fe86-11eb-a24d-00155d3d1623	Дмитриева	Юлия	Сергеевна	FEMALE	\N	5621	616187	+79631116777
10	b7dc62cf-b93f-11eb-a24a-00155d3d1623	Липатов	Иван	Олегович	MALE	\N	\N	\N	1-ИЗ	895490	3ee74dc3-b93f-11eb-a24a-00155d3d1623	Прошина	Наталья	Вячеславовна	FEMALE	\N	5602	634274	+79272895518
11	6b2b82a8-244c-11ed-a261-00155d3d1623	Невзоров	Андрей	Андреевич	MALE	\N	\N	\N	I-ИЗ	895180	2f9e4c40-244c-11ed-a261-00155d3d1623	Невзорова	Евгения	Владимировна	FEMALE	\N	5613	159293	+79378880101
12	21aa602c-2458-11ed-a261-00155d3d1623	Жулябина	София	Сергеевна	FEMALE	\N	\N	\N	II-ИЗ	514488	039c3363-3a97-11e9-a383-505bc2e50650	Жулябина	Елена	Евгеньевна	FEMALE	\N	5603	376272	+79603167078
13	0aab2067-2aba-11ed-a262-00155d3d1623	Земскова	Дарья	Ильинична	FEMALE	\N	\N	\N	I-ИЗ	890321	c7486965-5155-11e9-a387-505bc2e50650	Земскова	Оксана	Леонидовна	FEMALE	\N	8905	905597	+79273941551
14	9c0b7f0f-e357-11ed-a272-00155d3d1623	Ольховская	Вера	Сергеевна	FEMALE	2015-12-30	\N	\N	I-ИЗ	897221	117c99dd-4af3-11e9-a387-505bc2e50650	Ольховская	Светлана	Михайловна	FEMALE	\N	5615	296882	+79061589675
24	d6ef6ce6-e5f3-11ee-a287-00155d3d1623	Шаповал	Леонид	Алексеевич	MALE	2016-02-17	\N	\N	I-ИЗ	893928	90a4d1b2-e5f3-11ee-a287-00155d3d1623	Шаповал	Юлия	Владимировна	FEMALE	1990-06-07	5615	309436	+79273897985
15	e35f6e23-3fbb-11ed-a263-00155d3d1623	Климова	Анастасия	Николаевна	FEMALE	2016-03-10	\N	\N	II-ИЗ	504642	be5da1c2-4492-11ed-a264-00155d3d1623	Климов	Николай	Борисович	MALE	1988-12-13	5608	852545	+79023430888
26	d3c2161c-1be9-11ea-a212-00155d31150c	Трифонова	Софья	Андреевна	FEMALE	\N	\N	\N	1-ИЗ	776725	413a0f5a-292f-11ed-a262-00155d3d1623	Трифонов	Андрей	Борисович	MALE	\N	5620	578124	+79273707801
17	c1589fb2-d455-11ed-a271-00155d3d1623	Мерзлякова	Виктория	Юрьевна	FEMALE	2016-05-05	\N	\N	VIII - МЮ	579602	62dc1a3f-d456-11ed-a271-00155d3d1623	Архипова	Надежда	Леонидовна	FEMALE	1986-02-04	9405	657146	+79867302359
18	0a5f73ed-0e71-11ee-a274-00155d3d1623	Байгин	Тимур	Ринатович	MALE	2016-07-02	\N	\N	II-ИЗ	508300	e91aa4dd-cc70-11e8-a483-70c94ed4669a	Байгина	Мария	Сергеевна	FEMALE	1988-06-21	5614	267346	+79875060187
19	a078339f-4b9c-11ec-a250-00155d3d1623	Сытдикова	Миа	Руслановна	FEMALE	2016-11-03	\N	\N	II-ИЗ	515675	39365c1c-536c-11ec-a250-00155d3d1623	Сытдикова	Светлана	Валериевна	FEMALE	\N	3613	832010	+79022946757
16	a3930b95-244a-11ed-a261-00155d3d1623	Пойкина	Мария	Ильинична	FEMALE	2016-03-14	\N	\N	II-ИЗ	504680	332b0521-244a-11ed-a261-00155d3d1623	Автаева	Анна	Александровна	FEMALE	1989-03-29	4510	385585	+79276487588
3	05916f5f-9e42-11ee-a283-00155d3d1623	Тузикова	Елизавета	Алексеевна	FEMALE	2012-03-11	\N	\N	I-ИЗ	792036	2f9a51ca-9e41-11ee-a283-00155d3d1623	Тузиков	Алексей	Николаевич	MALE	1982-04-30	5604	419154	+79273750875
7	27e6364a-3c37-11ee-a27b-00155d3d1623	Мещерякова	Мария	Максимовна	FEMALE	2012-06-22	\N	\N	IV-АК	830508	99ff2de9-3d93-11ee-a27d-00155d3d1623	Мещерякова	Ольга	Борисовна	FEMALE	1963-07-14	5608	781540	\N
25	c1be2884-a2e0-11e9-a391-505bc2e50650	Крылова	Екатерина	Максимовна	FEMALE	2012-02-02	\N	\N	I-ИЗ	797149	ec126df7-c643-11e8-b0be-80c5f22f623a	Крылова	Елена	Викторовна	FEMALE	\N	5604	419458	+79374073254
29	27ce3c39-22dc-11ed-a261-00155d3d1623	Массеров	Марк	Евгеньевич	MALE	\N	\N	\N	I-ИЗ	786708	013a8f5a-22dd-11ed-a261-00155d3d1623	Массерова	Майя	Вячеславовна	FEMALE	\N	5614	269176	\N
20	b4b675ab-edd3-11ee-a287-00155d3d1623	Спирягина	Ника	Алексеевна	FEMALE	2011-07-13	\N	\N	I-ИЗ	780786	6b760911-edd3-11ee-a287-00155d3d1623	Спирягина	Оксана	Вячеславовна	FEMALE	1976-05-10	5621	623131	\N
27	7cfe6a46-6ad1-11eb-a242-00155d31150c	Хайрова	Софья	Руслановна	FEMALE	\N	\N	\N	5-МЮ	844454	3d7d402b-6ad1-11eb-a242-00155d31150c	Левцова	Анастасия	Андреевна	FEMALE	\N	5615	334829	+79374120413
28	ec0446c5-03e5-11ec-a24d-00155d3d1623	Лобанова	Татьяна	Вячеславовна	FEMALE	\N	\N	\N	1-ИЗ	805057	08100848-03e9-11ec-a24d-00155d3d1623	Лобанова	Екатерина	Александровна	FEMALE	\N	5610	951177	+79063994485
35	6890978a-cd69-11e9-a211-00155d31150c	Мартыненко	Евгения	Павловна	FEMALE	\N	\N	\N	IV-ИК	756110	11ce9df3-cd69-11e9-a211-00155d31150c	Мартыненко	Людмила	Михайловна	FEMALE	\N	5601	374383	+79374214027
36	807c262c-1e1a-11e9-a380-505bc2e50650	Майоров	Матвей	Денисович	MALE	\N	\N	\N	I-ИЗ	786643	807c262b-1e1a-11e9-a380-505bc2e50650	Майорова	Инна	Владимировна	FEMALE	\N	5605	597497	+79023416776
37	9fbf9fab-f084-11ec-a25f-00155d3d1623	Тюрина	Вероника	Сергеевна	FEMALE	2010-01-28	\N	\N	II-РУ	571848	6add4fcd-f084-11ec-a25f-00155d3d1623	Желтова	Галина	Михайловна	FEMALE	1988-08-03	0914	481189	+79273896365
38	578e3a1e-5963-11eb-a240-00155d31150c	Лапынина	София	Игоревна	FEMALE	2010-05-31	\N	\N	1-РД	708827	8b5ff86d-54d9-11eb-a240-00155d31150c	Лапынина	Галина	Николаевна	FEMALE	\N	4209	569599	+79374462275
39	2990f60c-cd5b-11e9-a211-00155d31150c	Шадчнев	Кирилл	Андреевич	MALE	2010-07-02	\N	\N	I-ИЗ	753210	1424eb23-ba50-11e8-a20e-005056aeaf7a	Шадчнев	Андрей	Александрович	MALE	\N	5620	576392	+79085307303
40	117c99de-4af3-11e9-a387-505bc2e50650	Овчинников	Владимир	Александрович	MALE	2011-06-15	\N	\N	I-ИЗ	780486	117c99dd-4af3-11e9-a387-505bc2e50650	Ольховская	Светлана	Михайловна	FEMALE	\N	5615	296882	+79061589675
41	ed1eafa6-602f-11ed-a267-00155d3d1623	Михайлов	Андрей	Александрович	MALE	2012-12-12	\N	\N	I-ИЗ	792903	ad67f93c-f0a0-11ec-a25f-00155d3d1623	Михайлова	Елена	Владимировна	FEMALE	\N	5609	873088	\N
56	afbf8c7b-bf8d-11ea-a21b-00155d31150c	Бычков	Тимофей	Денисович	MALE	2012-12-21	\N	\N	1-ИЗ	818545	253e87c8-d852-11e8-b0cb-80c5f22f61de	Бычков	Денис	Дмитриевич	MALE	\N	5619	527510	+79272898969
53	ff3de6f2-23b7-11ed-a261-00155d3d1623	Тархов	Максим	Ильич	MALE	\N	\N	\N	I-ИЗ	792481	298f4129-23b8-11ed-a261-00155d3d1623	Тархов	Илья	Викторович	MALE	\N	5621	635204	+79969619666
45	3892d2d1-bf76-11ea-a21b-00155d31150c	Разживин	Давид	Сергеевич	MALE	\N	\N	\N	1-ИЗ	792906	d7801984-ba4c-11e8-a20e-005056aeaf7a	Купцова	Наталья	Ивановна	FEMALE	\N	5602	670921	+79875057609
51	2f50fe38-4126-11ec-a24f-00155d3d1623	Аксенова	Анна	Павловна	FEMALE	\N	\N	\N	2-ИЗ	562509	60ff6e06-4126-11ec-a24f-00155d3d1623	Аксенова	Мария	Игоревна	FEMALE	\N	5611	046337	+79023415836
49	54223460-f9b7-11eb-a24d-00155d3d1623	Батвинкина	Милана	Дмитриевна	FEMALE	\N	\N	\N	1-ИЗ	792255	f3d43dc3-f9b6-11eb-a24d-00155d3d1623	Батвинкин	Дмитрий	Сергеевич	MALE	\N	5618	497366	+79674439500
31	4229adb8-a22e-11e9-a391-505bc2e50650	Дудко	Александр	Георгиевич	MALE	\N	\N	\N	V-МЮ	876796	ec126e13-c643-11e8-b0be-80c5f22f623a	Дудко	Георгий	Николаевич	MALE	\N	5605	538219	+79374298222
46	897f9399-d7c5-11ea-a230-00155d31150c	Мангушева	Арина	Давыдовна	FEMALE	\N	\N	\N	2-ИЗ	609695	1f5a43c8-daea-11ea-a230-00155d31150c	Козырина	Екатерина	Сергеевна	FEMALE	\N	5619	547042	+79677016612
54	4229adb1-a22e-11e9-a391-505bc2e50650	Казанцева	Арина	Вадимовна	FEMALE	\N	\N	\N	I-ИЗ	792345	6400ea51-2ec4-11e9-b0ec-80c5f22f623a	Казанцева	Светлана	Анатольевна	FEMALE	\N	5610	948896	+79093182683
52	68c6236e-bc97-11ec-a25c-00155d3d1623	Никитин	Захар	Вадимович	MALE	\N	\N	\N	1-ИЗ	823782	c07699db-bc97-11ec-a25c-00155d3d1623	Никитина	Елена	Александровна	FEMALE	\N	5611	017219	+79374143595
47	ae682b8a-e764-11ea-a231-00155d31150c	Филькин	Алексей	Андреевич	MALE	\N	\N	\N	1-ИЗ	866589	d78527a3-e764-11ea-a231-00155d31150c	Филькин	Андрей	Валерьевич	MALE	\N	5608	856214	+79033231636
50	dd7ddca1-03dd-11ec-a24d-00155d3d1623	Асмаев	Динияр	Раилевич	MALE	\N	\N	\N	1-ИЗ	824366	55a54e92-03de-11ec-a24d-00155d3d1623	Асмаева	Адиля	Алиевна	FEMALE	\N	4509	388997	+79648755500
30	86ffde12-85c7-11e9-a38c-505bc2e50650	Никулина	Ксения	Артемовна	FEMALE	\N	\N	\N	I-ИЗ	824042	c082e50c-17d3-11e9-a48e-70c94ed4669a	Никулина	Алена	Петровна	FEMALE	\N	5621	668360	+79374043697
55	0f7f9394-4881-11ed-a264-00155d3d1623	Михайлов	Максим	Андреевич	MALE	2012-05-21	\N	\N	I-ИЗ	792222	3cc49e78-4881-11ed-a264-00155d3d1623	Федосова	Светлана	Александровна	FEMALE	1986-08-12	5623	738156	+79374003377
48	aa314413-bc9f-11eb-a24a-00155d3d1623	Стулкова	Мария	Дмитриевна	FEMALE	\N	\N	\N	1-ИЗ	813907	d6f6e824-e2cc-11ea-a230-00155d31150c	Стулков	Дмитрий	Алексеевич	MALE	\N	5619	553198	+79875225272
57	ecb3a021-edd5-11ee-a287-00155d3d1623	Турдакова	Таисия	Александровна	FEMALE	2013-01-14	\N	\N	I-ИЗ	830412	900fb0e9-edd5-11ee-a287-00155d3d1623	Турдакова	Елена	Николаевна	FEMALE	1981-12-07	5605	551177	\N
32	84fff505-c223-11e8-a483-70c94ed4669a	Кузнецов	Семен	Олегович	MALE	\N	\N	\N	I-ИЗ 	776576	e62f7bca-285b-11ed-a261-00155d3d1623	Кузнецов	Олег	Львович	MALE	\N	5612	131832	\N
58	9c10247f-0a09-11ea-a212-00155d31150c	Умненкова	Влада	Алексеевна	FEMALE	2013-06-14	\N	\N	1-ИЗ	826280	358283c9-da15-11e9-93ce-84a93e3fda76	Умненкова	Екатерина	Игоревна	FEMALE	\N	5605	533555	+79374144949
34	6e985930-33b3-11eb-a239-00155d31150c	Вдонин	Владимир	Владимирович	MALE	2012-11-27	\N	\N	II-ИЗ	668998	a8158739-33b2-11eb-a239-00155d31150c	Буданова	Зоя	Михайловна	FEMALE	\N	5602	772664	+79631098001
44	31e7c3f0-0a08-11ea-a212-00155d31150c	Кадерова	Камила	Рамилевна	FEMALE	\N	\N	\N	1-ИЗ	842518	ba9e4323-0a08-11ea-a212-00155d31150c	Кадерова	Гульнара	Исхаковна	FEMALE	\N	5613	153049	+79374129888
21	dd6723aa-f276-11ee-a288-00155d3d1623	Чернышова	Софья	Сергеевна	FEMALE	2010-05-27	\N	\N	I-ИЗ	750156	7bdd6919-f276-11ee-a288-00155d3d1623	Чернышова	Татьяна	Степановна	FEMALE	1986-04-06	5605	603139	\N
33	0939269a-03ea-11ec-a24d-00155d3d1623	Тощев	Кирилл	Федорович	MALE	2012-11-11	\N	\N	1-ИЗ	830049	6f5072f3-03ea-11ec-a24d-00155d3d1623	Тощева	Татьяна	Викторовна	FEMALE	\N	5603	130537	+79273826164
42	186a33e7-1656-11ec-a24d-00155d3d1623	Татжидинов	Рустам	\N	\N	\N	\N	\N	\N	\N	00000000-0000-0000-0000-000000000000		\N	\N	\N	\N	\N	\N	\N
59	e56ca186-11d9-11eb-a234-00155d31150c	Аникин	Дмитрий	Станиславович	MALE	2013-09-16	\N	\N	1-ИЗ	837387	8aabaf98-11da-11eb-a234-00155d31150c	Аникина	Ирина	Николаевна	FEMALE	\N	5610	966596	+79270951111
68	71b89299-0f83-11eb-a234-00155d31150c	Скарбов	Артем	Сергеевич	MALE	\N	\N	\N	1-ИЗ	860411	c60fcde3-0f83-11eb-a234-00155d31150c	Пятницкая	Стелла	Андреевна	FEMALE	\N	5612	100332	+79270999959
70	2766801e-66e9-11eb-a241-00155d31150c	Тэн-Чагай	Анна	Дмитриевна	FEMALE	\N	\N	\N	1-ИЗ	867478	a966d0e1-66e8-11eb-a241-00155d31150c	Тэн-Чагай	Юлия	Александровна	FEMALE	\N	5605	510283	+79023531964
71	30bc8188-c917-11eb-a24d-00155d3d1623	Карпова	Яна	Сергеевна	FEMALE	\N	\N	\N	1-ИЗ	847134	f78cd5bb-c916-11eb-a24d-00155d3d1623	Кенд	Татьяна	Александровна	FEMALE	\N	5610	952130	+79033237047
72	5542a961-fe6d-11eb-a24d-00155d3d1623	Дубов	Роман	Андреевич	MALE	\N	\N	\N	1-ИЗ	869932	b08d1ce8-fe6d-11eb-a24d-00155d3d1623	Дубова	Наталья	Юрьевна	FEMALE	\N	5606	680122	+79631070795
73	19491835-ff30-11eb-a24d-00155d3d1623	Яковлев	Мирон	Алексеевич	MALE	\N	\N	\N	1-ИЗ	853268	a66b2937-e1e1-11ea-a230-00155d31150c	Яковлева	Ольга	Александровна	FEMALE	\N	5608	802103	+79273603828
74	870f0e43-8ef5-11ec-a257-00155d3d1623	Пугачева	Дарья	Дмитриевна	FEMALE	\N	\N	\N	1-ИЗ	847164	131f279e-8ef6-11ec-a257-00155d3d1623	Пугачев	Дмитрий	Валентинович	MALE	\N	5603	301986	+79063959240
75	694cfb7e-a5c8-11ec-a259-00155d3d1623	Паужолис	Арина	Евгеньевна	FEMALE	\N	\N	\N	1-ИЗ	842161	22aac568-a5b8-11ec-a259-00155d3d1623	Паужолис	Евгений	Валерьевич	MALE	\N	5607	739734	+79374244461
76	c7d322e6-effa-11ee-a288-00155d3d1623	Трошкина	Варвара	Олеговна	FEMALE	2012-11-22	\N	\N	I-ИЗ	830072	79ea3485-effa-11ee-a288-00155d3d1623	Трошкина	Людмила	Александровна	FEMALE	1981-10-25	5612	108607	\N
77	554176be-f083-11ec-a25f-00155d3d1623	Тугушев	Святослав	Николаевич	MALE	2013-03-03	\N	\N	I-ИЗ	825667	d9cfe6ef-f082-11ec-a25f-00155d3d1623	Балынова	Александра	Владиславовна	FEMALE	\N	5605	479247	+79374050138
78	7bf49a1e-effb-11ee-a288-00155d3d1623	Федорова	Анастасия	Александровна	FEMALE	2013-06-21	\N	\N	I-ИЗ	825925	29de927e-effb-11ee-a288-00155d3d1623	Федорова	Наталья	Николаевна	FEMALE	1986-10-09	5611	078443	\N
79	eb0eff6b-edd2-11ee-a287-00155d3d1623	Гуськова	Алёна	Сергеевна	FEMALE	2013-07-02	\N	\N	I-ИЗ	835038	fb57de41-edd1-11ee-a287-00155d3d1623	Баринова	Ольга	Александровна	FEMALE	1983-08-21	5623	740746	\N
80	b50b7527-fb03-11e9-a212-00155d31150c	Чайков	Назар	Андреевич	MALE	2013-10-29	\N	\N	1-ИЗ	842246	4eefb6b3-d880-11e9-93ce-84a93e3fda76	Ермакова	Лариса	Владимировна	FEMALE	\N	5602	949888	+79273694006
81	a3c9ea34-5885-11ee-a27f-00155d3d1623	Подольская	Злата	Павловна	FEMALE	2014-01-23	\N	\N	I-ИЗ	847095	3cc765e7-f8ee-11ea-a233-00155d31150c	Подольская	Ирина	Владимировна	FEMALE	\N	5602	752393	+79273951433
82	83d1b1ae-eff1-11ee-a288-00155d3d1623	Жижина	Анастасия	Алексеевна	FEMALE	2014-02-03	\N	\N	I-ИЗ	846390	eb0f7f48-eff0-11ee-a288-00155d3d1623	Жижина	Оксана	Дмитриевна	FEMALE	1994-05-12	5614	217901	\N
83	adbf5602-c51e-11eb-a24d-00155d3d1623	Кобозева	Анастасия	Александровна	FEMALE	2014-02-06	\N	\N	1-ИЗ	854511	67b9e214-c51e-11eb-a24d-00155d3d1623	Кобозева	Дарья	Дмитриевна	FEMALE	\N	5615	317130	+79272886401
84	f8d3c4d7-eff2-11ee-a288-00155d3d1623	Корешкова	Полина	Алеексеевна	FEMALE	2014-03-09	\N	\N	I-ИЗ	855171	972933d8-eff2-11ee-a288-00155d3d1623	Корешкова	Юлия	Николаевна	FEMALE	1991-05-09	5611	039981	\N
85	028374dd-effa-11ee-a288-00155d3d1623	Разова	Мария	Андреевна	FEMALE	2014-06-14	\N	\N	I-ИЗ	861265	9ed31895-eff9-11ee-a288-00155d3d1623	Разова	Елена	Юрьевна	FEMALE	1985-07-20	5606	694707	\N
86	61d62510-eff4-11ee-a288-00155d3d1623	Пескова	Мария	Алексеевна	FEMALE	2014-06-30	\N	\N	I-ИЗ	861538	0fdd2c2e-eff4-11ee-a288-00155d3d1623	Пескова	Ольга	Сергеевна	FEMALE	1979-05-09	5601	379261	\N
60	a5d28008-edd4-11ee-a287-00155d3d1623	Товмасян	Саргис	Эдуардович	MALE	2014-04-23	\N	\N	АБ	318371	4afe07d4-edd4-11ee-a287-00155d3d1623	Варданян	Аревик	Саргисовна	FEMALE	1989-08-21	5617	446434	\N
64	25498971-fe70-11eb-a24d-00155d3d1623	Рыжов	Всеволод	Васильевич	MALE	\N	1-ИЗ	818901	\N	\N	74567795-fe70-11eb-a24d-00155d3d1623	Рыжов	Василий	Валерьевич	MALE	\N	5607	750523	+79374003955
65	9fb21e9a-217c-11ea-a212-00155d31150c	Кочетков	Тимур	Олегович	MALE	\N	\N	\N	1-ИЗ	835195	4fab41db-596d-11ea-a215-00155d31150c	Кочетков	Олег	Викторович	MALE	\N	5615	312602	+79272890849
67	cc5c320e-ede4-11ea-a231-00155d31150c	Цыпленков	Артем	Алексеевич	MALE	\N	\N	\N	1-ИЗ	866579	2d833193-ede5-11ea-a231-00155d31150c	Цыпленкова	Екатерина	Александровна	FEMALE	\N	5613	202976	+79273849949
43	4dfdc225-060e-11ea-a212-00155d31150c	Атякшев	Иван	Владимирович	MALE	\N	\N	\N	1-ИЗ	813946	4eefb6aa-d880-11e9-93ce-84a93e3fda76	Атякшева	Людмила	Владимировна	FEMALE	\N	5616	379649	+79273856345
69	fa9c4636-0f84-11eb-a234-00155d31150c	Куратников	Дамир	Рафаилович	MALE	\N	\N	\N	1-ИЗ	853733	68c48dd5-0f85-11eb-a234-00155d31150c	Куратникова	Ольга	Николаевна	FEMALE	\N	5613	176150	+79022044634
61	0b5f3e95-1564-11ec-a24d-00155d3d1623	Зарубин	Александр	Андреевич	MALE	2009-11-03	\N	\N	1-ИЗ	733180	f2a955dd-1563-11ec-a24d-00155d3d1623	Зарубина	Наталья	Ивановна	FEMALE	\N	5617	438308	+79022038109
62	c1be2883-a2e0-11e9-a391-505bc2e50650	Панкина	Анастасия	Васильевна	FEMALE	\N	\N	\N	I-ИЗ	803002	c1be2882-a2e0-11e9-a391-505bc2e50650	Панкина	Татьяна	Викторовна	FEMALE	\N	5620	588454	+79022056699
108	c5b71b59-00ab-11ef-a288-00155d3d1623	Соболев	Сергей	\N	MALE	\N	\N	\N	\N	\N	c0ba4c86-00ab-11ef-a288-00155d3d1623	Соболев	родитель	\N	\N	\N	\N	\N	\N
89	eb1090f1-ede6-11ea-a231-00155d31150c	Багрянова	Светлана	Андреевна	FEMALE	2015-02-20	\N	\N	1-ИЗ	858715	a06d2909-ede7-11ea-a231-00155d31150c	Багрянова	Елена	Владимировна	FEMALE	\N	5603	334474	+79093218935
90	8d4a5711-effc-11ee-a288-00155d3d1623	Чуркина	Анна	Алексеевна	FEMALE	2015-06-18	\N	\N	I-ИЗ	888619	2d39d05c-effc-11ee-a288-00155d3d1623	Чуркина	Наталья	Николаевна	FEMALE	1985-08-04	5614	252671	\N
102	e5f428de-00a9-11ef-a288-00155d3d1623	Федотова	Кира	Игоревна	FEMALE	\N	\N	\N	\N	\N	db56b5a7-00a9-11ef-a288-00155d3d1623	Федотова	Елена	Алексеевна	FEMALE	\N	\N	\N	\N
63	5d2e4067-2194-11ea-a212-00155d31150c	Байдаров	Никита	Игоревич	MALE	\N	1-ИЗ	818900	\N	\N	215b3955-bca1-11e8-a20e-005056aeaf7a	Байдарова	Анна	Андреевна	FEMALE	\N	5608	809258	+79374433699
66	03e4b40f-218e-11ea-a212-00155d31150c	Попова	Юлия	Дмитриевна	FEMALE	\N	\N	\N	1-ИЗ	853089	ec249a20-218e-11ea-a212-00155d31150c	Попова	Светлана	Владимировна	FEMALE	\N	7811	881044	+79374208000
91	6bd85e57-5a25-11eb-a240-00155d31150c	Комиссарова	Виктория	Витальевна	FEMALE	\N	\N	\N	1-ИЗ	867426	bcbb35ba-5a23-11eb-a240-00155d31150c	Комиссарова	Екатерина	Викторовна	FEMALE	\N	5611	041705	+79022087089
109	e108d05f-00ab-11ef-a288-00155d3d1623	Батрашин	Максим	\N	MALE	\N	\N	\N	\N	\N	d75c62b7-00ab-11ef-a288-00155d3d1623	Батрашин	родитель	\N	\N	\N	\N	\N	\N
87	95acef04-eff5-11ee-a288-00155d3d1623	Пчелинцева	Мария	Валерьевна	FEMALE	2014-09-06	\N	\N	I-ИЗ	860966	c4ee3486-eff4-11ee-a288-00155d3d1623	Пчелинцева	Елена	Александровна	FEMALE	1981-10-17	5604	408228	\N
96	9458a9e5-fe86-11eb-a24d-00155d3d1623	Жулябин	Сергей	Романович	MALE	2014-09-27	\N	\N	2-ИЗ	599940	e9294093-fe86-11eb-a24d-00155d3d1623	Дмитриева	Юлия	Сергеевна	FEMALE	\N	5621	616187	+79631116777
103	0dd3de4a-00aa-11ef-a288-00155d3d1623	Накрайников	Кирилл	Романович	MALE	\N	\N	\N	\N	\N	0dd3de49-00aa-11ef-a288-00155d3d1623	Накрайников	Анна	Александровна	FEMALE	\N	\N	\N	\N
106	82da98bd-00aa-11ef-a288-00155d3d1623	Барсукова	София	\N	FEMALE	\N	\N	\N	\N	\N	7e1bc536-00aa-11ef-a288-00155d3d1623	Барсукова	родитель	\N	\N	\N	\N	\N	\N
97	143d622d-00a9-11ef-a288-00155d3d1623	Демин	Дмитрий	Алексеевич	MALE	\N	\N	\N	\N	\N	0c3b3e27-00a9-11ef-a288-00155d3d1623	Демина	Анастасия	Михайловна	FEMALE	\N	\N	\N	\N
107	b2e4accc-09ec-11ea-a212-00155d31150c	Кузякова	Алена	Николаевна	FEMALE	\N	\N	\N	1-ИЗ	826023	b2b15445-17c9-11e9-a48e-70c94ed4669a	Кузякова	Кристина	Владимировна	FEMALE	\N	5609	883878	+79374123333
88	a323f481-eff3-11ee-a288-00155d3d1623	Ларин	Максим	Андреевич	MALE	2014-11-24	\N	\N	I-ИЗ	872540	4f594c07-eff3-11ee-a288-00155d3d1623	Ларина	Анастасия	Владимировна	FEMALE	1989-07-13	5613	163948	\N
92	7f7b25c1-1abf-11ec-a24d-00155d3d1623	Таджидинов	Рустам	Юсупович	MALE	\N	\N	\N	1-ИЗ	792668	6c4a9174-1abe-11ec-a24d-00155d3d1623	Погожева	Ирина	Леонидовна	FEMALE	\N	5611	069894	+79023538216
110	fa7b082d-00ab-11ef-a288-00155d3d1623	Горшков	Максим	\N	MALE	\N	\N	\N	\N	\N	f482c0bf-00ab-11ef-a288-00155d3d1623	Горшков	родитель	\N	\N	\N	\N	\N	\N
104	3da3c728-00aa-11ef-a288-00155d3d1623	Божьева	Дарья	\N	FEMALE	\N	\N	\N	\N	\N	3c756bc3-00aa-11ef-a288-00155d3d1623	Божьева	родитель	\N	\N	\N	\N	\N	\N
111	f9507d82-6442-11ee-a280-00155d3d1623	Струняшев	Тимофей	Александрович	MALE	2017-08-18	\N	\N	II-ИЗ	539005	45d7bf04-21f4-11ed-a261-00155d3d1623	Струняшев	Александр	Николаевич	MALE	\N	5608	790620	+79273685932
105	6253728c-00aa-11ef-a288-00155d3d1623	Долгушина	Мария	\N	FEMALE	\N	\N	\N	\N	\N	5d0cb619-00aa-11ef-a288-00155d3d1623	Долгушина	родитель	\N	\N	\N	\N	\N	\N
94	84fff4fd-c223-11e8-a483-70c94ed4669a	Пензин	Степан	Сергеевич	MALE	2009-08-04	\N	\N	I-ИЗ	866958	215b393f-bca1-11e8-a20e-005056aeaf7a	Захарова	Екатерина	Анатольевна	FEMALE	\N	5603	194721	+79022054467
98	44164d16-00a9-11ef-a288-00155d3d1623	Алексашкин	Артем	Александрович	MALE	\N	\N	\N	\N	\N	40b9876e-00a9-11ef-a288-00155d3d1623	Алексашкина	Юлия	Викторовна	FEMALE	\N	\N	\N	\N
99	740e53dc-00a9-11ef-a288-00155d3d1623	Парфенов	Андрей	Алексеевич	MALE	\N	\N	\N	\N	\N	665ff7cd-00a9-11ef-a288-00155d3d1623	Парфенова	Ольга	Андреевна	FEMALE	\N	\N	\N	\N
93	934db53c-bcd4-11e8-a483-70c94ed4669a	Пензина	Мария	Александровна	FEMALE	2009-10-06	\N	\N	I-ИЗ	733118	215b395d-bca1-11e8-a20e-005056aeaf7a	Пензина	Евгения	Александровна	FEMALE	\N	5608	809246	+79631090629
95	ddfff616-00a7-11ef-a288-00155d3d1623	Тузикова	Ксения	Алексеевна	FEMALE	\N	\N	\N	\N	\N	2f9a51ca-9e41-11ee-a283-00155d3d1623	Тузиков	Алексей	Николаевич	MALE	1982-04-30	5604	419154	+79273750875
100	9aab1bfc-00a9-11ef-a288-00155d3d1623	Придуха	Тимофей	Максимович	MALE	\N	\N	\N	\N	\N	90a104dc-00a9-11ef-a288-00155d3d1623	Придуха	Ольга	Леонтьевна	FEMALE	\N	\N	\N	\N
101	c06488b5-00a9-11ef-a288-00155d3d1623	Ревунова	Полина	Анатольевна	FEMALE	\N	\N	\N	\N	\N	b4ad07c7-00a9-11ef-a288-00155d3d1623	Ревунова	Юлия	Анатольевна	FEMALE	\N	\N	\N	\N
\.


--
-- TOC entry 3693 (class 0 OID 38792)
-- Dependencies: 241
-- Data for Name: Parents; Type: TABLE DATA; Schema: public; Owner: postgres
--

COPY public."Parents" (id, is_active, school_id, user_id) FROM stdin;
1	t	1	4
\.


--
-- TOC entry 3691 (class 0 OID 38784)
-- Dependencies: 239
-- Data for Name: Partners1C; Type: TABLE DATA; Schema: public; Owner: postgres
--

COPY public."Partners1C" (id, "UID", surname, name, middle_name, male, birthday, phone, passport_series, passport_number) FROM stdin;
\.


--
-- TOC entry 3677 (class 0 OID 38677)
-- Dependencies: 225
-- Data for Name: Photos; Type: TABLE DATA; Schema: public; Owner: postgres
--

COPY public."Photos" (id, photo, photo_min) FROM stdin;
\.


--
-- TOC entry 3719 (class 0 OID 38966)
-- Dependencies: 267
-- Data for Name: Schedules; Type: TABLE DATA; Schema: public; Owner: postgres
--

COPY public."Schedules" (id, comment, replace_comment, is_cancelled, cancelled_comment, cabinet_id, cls_id, group_id, lesson_id, lesson_replace_id, student_id, time_lesson_id, "end", number, start) FROM stdin;
48015	Не забудь голову	\N	f	\N	1	1	\N	1	\N	\N	6	2024-04-08 09:25:00+03	1	2024-04-08 08:40:00+03
48016	Не забудь голову	\N	f	\N	1	1	\N	3	\N	\N	6	2024-04-09 09:25:00+03	1	2024-04-09 08:40:00+03
48017	Не забудь голову	\N	f	\N	1	1	\N	4	\N	\N	6	2024-04-10 09:25:00+03	1	2024-04-10 08:40:00+03
48018	Не забудь голову	\N	f	\N	1	1	\N	5	\N	\N	6	2024-04-11 09:25:00+03	1	2024-04-11 08:40:00+03
48020	\N	\N	f	\N	1	1	\N	6	\N	\N	6	2024-04-08 10:20:00+03	2	2024-04-08 09:35:00+03
48021	\N	\N	f	\N	1	1	\N	7	\N	\N	6	2024-04-09 10:20:00+03	2	2024-04-09 09:35:00+03
48022	\N	Урок заменен по уважительной причине	f	\N	1	1	\N	8	9	\N	6	2024-04-10 10:20:00+03	2	2024-04-10 09:35:00+03
48023	\N	\N	f	\N	1	1	\N	1	\N	\N	6	2024-04-11 10:20:00+03	2	2024-04-11 09:35:00+03
48025	\N	\N	f	\N	1	1	\N	3	\N	\N	6	2024-04-08 11:20:00+03	3	2024-04-08 10:35:00+03
48026	\N	\N	f	\N	1	1	\N	4	\N	\N	6	2024-04-09 11:20:00+03	3	2024-04-09 10:35:00+03
48027	\N	\N	f	\N	1	1	\N	5	\N	\N	6	2024-04-10 11:20:00+03	3	2024-04-10 10:35:00+03
48028	\N	\N	f	\N	1	1	\N	6	\N	\N	6	2024-04-11 11:20:00+03	3	2024-04-11 10:35:00+03
48030	\N	\N	f	\N	1	1	\N	7	\N	\N	6	2024-04-08 12:30:00+03	4	2024-04-08 11:45:00+03
48031	\N	\N	t	Урок отменен. Учитель улетел на луну	1	1	\N	7	\N	\N	6	2024-04-09 12:30:00+03	4	2024-04-09 11:45:00+03
48035	\N	\N	f	\N	1	1	\N	1	\N	\N	6	2024-04-08 13:30:00+03	5	2024-04-08 12:45:00+03
48036	\N	\N	f	\N	1	1	\N	3	\N	\N	6	2024-04-09 13:30:00+03	5	2024-04-09 12:45:00+03
48037	\N	\N	f	\N	1	1	\N	4	\N	\N	6	2024-04-10 13:30:00+03	5	2024-04-10 12:45:00+03
48038	\N	\N	f	\N	1	1	\N	5	\N	\N	6	2024-04-11 13:30:00+03	5	2024-04-11 12:45:00+03
48040	\N	\N	f	\N	1	1	\N	7	\N	\N	6	2024-04-08 14:55:00+03	6	2024-04-08 14:10:00+03
48041	\N	Учитель устал	f	\N	1	1	\N	7	8	\N	6	2024-04-09 14:55:00+03	6	2024-04-09 14:10:00+03
48042	\N	\N	f	\N	1	1	\N	7	\N	\N	6	2024-04-10 14:55:00+03	6	2024-04-10 14:10:00+03
48043	\N	\N	f	\N	1	1	\N	8	\N	\N	6	2024-04-11 14:55:00+03	6	2024-04-11 14:10:00+03
48044	\N	\N	f	\N	1	1	\N	10	\N	\N	6	2024-04-12 14:55:00+03	\N	2024-04-12 14:10:00+03
48045	\N	\N	f	\N	1	1	\N	10	\N	\N	6	2024-04-09 16:55:00+03	\N	2024-04-09 16:10:00+03
48029	\N	\N	f	\N	1	1	\N	7	\N	\N	6	2024-04-12 12:20:00+03	3	2024-04-12 11:35:00+03
48024	\N	\N	f	\N	1	1	\N	3	\N	\N	6	2024-04-12 10:20:00+03	2	2024-04-12 10:35:00+03
48019	\N	\N	t	Урок отменен. Учитель проспал	1	1	\N	6	\N	\N	6	2024-04-12 10:25:00+03	1	2024-04-12 09:40:00+03
48046	\N	\N	f	\N	1	1	\N	11	\N	\N	\N	2024-04-11 15:55:00+03	\N	2024-04-11 15:10:00+03
48033	\N	\N	f	\N	1	1	\N	12	\N	\N	6	2024-04-11 12:30:00+03	4	2024-04-11 11:45:00+03
48032	\N	\N	f	\N	1	2	\N	12	\N	\N	6	2024-04-10 12:30:00+03	4	2024-04-10 11:45:00+03
48048	Не забудь голову	\N	f	\N	4	4	\N	13	\N	\N	\N	2000-01-01 10:20:00+03	\N	2000-01-01 09:50:00+03
48049	Не забудь голову	Урок заменен по уважительной причине	f	Урок отменен. Потому что так надо было	1	\N	1	1	1	\N	\N	2000-01-01 10:20:00+03	1	2000-01-01 09:50:00+03
48050	Не забудь голову	Урок заменен по уважительной причине	f	Урок отменен. Потому что так надо было	1	\N	2	1	1	\N	\N	2000-01-01 10:20:00+03	1	2000-01-01 09:50:00+03
48039	\N	\N	f	\N	1	1	\N	6	\N	\N	6	2024-04-12 14:30:00+03	5	2024-04-12 13:45:00+03
48034	\N	\N	f	\N	1	1	\N	9	\N	\N	6	2024-04-12 13:30:00+03	4	2024-04-12 12:45:00+03
\.


--
-- TOC entry 3679 (class 0 OID 38683)
-- Dependencies: 227
-- Data for Name: SchoolsDB; Type: TABLE DATA; Schema: public; Owner: postgres
--

COPY public."SchoolsDB" (id, name, is_active, photo_id, timezone) FROM stdin;
2	Школа вторая	t	\N	+03:00
1	Школа первая	t	\N	+02:00
\.


--
-- TOC entry 3728 (class 0 OID 47383)
-- Dependencies: 276
-- Data for Name: StudentClasses; Type: TABLE DATA; Schema: public; Owner: postgres
--

COPY public."StudentClasses" (id, cls_id, student_id) FROM stdin;
5	4	2
4	1	1
\.


--
-- TOC entry 3730 (class 0 OID 47389)
-- Dependencies: 278
-- Data for Name: StudentGroups; Type: TABLE DATA; Schema: public; Owner: postgres
--

COPY public."StudentGroups" (id, group_id, student_id) FROM stdin;
2	4	2
3	3	5
4	3	3
6	1	1
7	2	4
8	2	1
\.


--
-- TOC entry 3699 (class 0 OID 38810)
-- Dependencies: 247
-- Data for Name: Students; Type: TABLE DATA; Schema: public; Owner: postgres
--

COPY public."Students" (id, is_active, school_id, user_id) FROM stdin;
1	t	1	3
2	t	2	9
3	f	2	7
4	f	1	4
5	t	2	17
6	t	1	17
\.


--
-- TOC entry 3697 (class 0 OID 38804)
-- Dependencies: 245
-- Data for Name: Teachers; Type: TABLE DATA; Schema: public; Owner: postgres
--

COPY public."Teachers" (id, is_active, school_id, user_id) FROM stdin;
1	t	1	6
2	t	1	8
3	t	1	9
4	t	1	10
5	t	1	11
6	t	1	12
7	t	1	13
8	t	1	14
9	t	1	16
\.


--
-- TOC entry 3717 (class 0 OID 38960)
-- Dependencies: 265
-- Data for Name: TimeLessons; Type: TABLE DATA; Schema: public; Owner: postgres
--

COPY public."TimeLessons" (id, period, lesson1_start, lesson1_end, lesson2_start, lesson2_end, lesson3_start, lesson3_end, lesson4_start, lesson4_end, lesson5_start, lesson5_end, lesson6_start, lesson6_end, lesson7_start, lesson7_end, lesson8_start, lesson8_end, lesson9_start, lesson9_end, lesson10_start, lesson10_end, school_id) FROM stdin;
6	2023-2024 учебный год	08:40:00	09:25:00	09:35:00	10:20:00	10:35:00	11:20:00	11:45:00	12:30:00	12:45:00	13:30:00	14:10:00	14:55:00	15:00:00	15:45:00	16:00:00	16:45:00	17:00:00	17:45:00	18:00:00	18:45:00	1
\.


--
-- TOC entry 3695 (class 0 OID 38798)
-- Dependencies: 243
-- Data for Name: Tutors; Type: TABLE DATA; Schema: public; Owner: postgres
--

COPY public."Tutors" (id, is_active, school_id, user_id) FROM stdin;
1	t	1	7
2	t	2	12
\.


--
-- TOC entry 3681 (class 0 OID 38691)
-- Dependencies: 229
-- Data for Name: Users; Type: TABLE DATA; Schema: public; Owner: postgres
--

COPY public."Users" (password, id, username, surname, name, middle_name, male, birthday, phone, email, passport_series, passport_number, certificate_series, certificate_number, is_active, date_joined, last_login, is_superuser, role_is_active, photo_id) FROM stdin;
pbkdf2_sha256$600000$kngr6GkSsKxiQx0rPEmM4h$O1e9sjKd8FG/cedhLGsEpY0Q4ccIsZo3fHGMDq2rTcA=	12	tea6	Давыдова	Сюзанна	\N	\N	\N	\N	\N	\N	\N	\N	\N	t	2024-04-12 09:26:46+03	2024-04-17 14:54:24.910067+03	f	\N	\N
pbkdf2_sha256$600000$W32dkq5AoDQ4TqocXySry1$+TbKjEhwmtxm+bYo+mJ6Fu/+/uq012uK4fHPwQ4+eWc=	5	zavuch1	Завучева	Лариса	\N	\N	\N	\N	\N	\N	\N	\N	\N	t	2024-04-04 11:34:56+03	2024-04-22 17:00:52.953785+03	f	\N	\N
pbkdf2_sha256$600000$BsWHTsMzQZp1LeTFav64jW$PZfatwMZQXL4/x3q/+XRXqn8WUSUrje/tjYgQp5dvZc=	1	admin	Соловьев	Илья	\N	\N	\N	\N	\N	\N	\N	\N	\N	t	2024-04-03 13:54:44.261996+03	2024-08-26 10:32:32.045577+03	t	\N	\N
pbkdf2_sha256$600000$SnKWnnDfORJQ2b1ecMgXWL$XQlqHO1WQfyEyVCS4dlLhV6RwbHuQgCjHOnZbTGzCCk=	8	tea2	Андреев	Андрей	\N	\N	\N	\N	\N	\N	\N	\N	\N	t	2024-04-12 09:23:15+03	\N	f	\N	\N
pbkdf2_sha256$600000$1JfAo1JcsPA7gbd13eDDVG$NL8InXePTVTLVK/du0LqLd3B0xQUiRXOq0C+H9KgMGY=	9	tea3	Иванов	Иван	\N	\N	\N	\N	\N	\N	\N	\N	\N	t	2024-04-12 09:24:20+03	\N	f	\N	\N
pbkdf2_sha256$600000$GgJ0kye8z3v3cLcJgfH4Cs$wGVYy06IfezNXyBUzoDG8FGi0BhE/trYxZqcru5qohM=	2	1C			\N	\N	\N	\N	\N	\N	\N	\N	\N	t	2024-04-03 15:11:49.820691+03	\N	f	\N	\N
pbkdf2_sha256$600000$YHvjB2CZsO4XJwS9SGaF1X$aVKEcy37IkCZ1blex43OpGGApGz/bBnsM85vN3n8+RQ=	10	tea4	Киреев	Кирилл	\N	\N	\N	\N	\N	\N	\N	\N	\N	t	2024-04-12 09:25:24+03	\N	f	\N	\N
pbkdf2_sha256$600000$7On993n1wWFhT2GDJWsgKT$WZwqPnG6exjxxkrhcBnfD6F6ydjxKbN/XADMMo7roDI=	11	tea5	Попова	Дарья	\N	\N	\N	\N	\N	\N	\N	\N	\N	t	2024-04-12 09:26:02+03	\N	f	\N	\N
pbkdf2_sha256$600000$NqhdGhuD2CudookGG6VFfd$VViDvWccYmL8NfB2k98MmADEjr2HjpCn+xP4nKoBe98=	4	parent1	Родителев	Анатолий	\N	\N	\N	\N	\N	\N	\N	\N	\N	t	2024-04-04 11:34:14+03	\N	f	\N	\N
pbkdf2_sha256$600000$4wzbSEwnnTHK8Tp9MbUrOe$5TZmd0hYavHgoue3r3Ybp16eaKnxBvv/Dfpe8WWL/B4=	6	teacher1	Учителева	Альбина	\N	\N	\N	\N	\N	\N	\N	\N	\N	t	2024-04-04 11:35:29+03	\N	f	\N	\N
pbkdf2_sha256$600000$mLm4dSJCYAPeaMGm4PL1kw$PBmpwOwnhDiRswAXd4hSfqXc+Fd4/XyY5e3CKYPhVMM=	7	tutor1	Тьюторова	Алла	\N	\N	\N	\N	\N	\N	\N	\N	\N	t	2024-04-04 11:37:46+03	\N	f	\N	\N
pbkdf2_sha256$600000$hMJevLdb4chZsHAd6BqFb7$xSKZ/FR+BF4aMXGjbisEsGlFWZgMe1KTRquoFXBJZsM=	17	neaktiv	Неактив	Неактив	\N	\N	\N	\N	\N	\N	\N	\N	\N	f	2024-04-22 15:13:22+03	\N	f	\N	\N
pbkdf2_sha256$600000$b50y1xPcQLqgbn0y1J4Ubm$erpBGsYkL4HBEBNT5kKcmoGHCI66nFFAv+k+DK7XU6U=	13	tea7	Лапшина	Галина	\N	\N	\N	\N	\N	\N	\N	\N	\N	t	2024-04-12 09:27:41+03	\N	f	\N	\N
pbkdf2_sha256$600000$72jntfBtn3Yg4oJ6eyLbjU$UY4UjUeKLlk3e438u4uMM1+sgxWdMcUOgVC97j3M1K8=	14	tea8	Рожкова	Юлия	\N	\N	\N	\N	\N	\N	\N	\N	\N	t	2024-04-12 09:28:43+03	\N	f	\N	\N
pbkdf2_sha256$600000$sfTk7K1iTufJu95gzoXqOq$JMVZckbD2uXdysPKO0OcXlIW9NCi1Tho6JB8mNjde6A=	15	fac1	Касперский	Арсен	\N	\N	\N	\N	\N	\N	\N	\N	\N	t	2024-04-12 09:29:29+03	\N	f	\N	\N
pbkdf2_sha256$600000$oTQKt47clnexj34xahpeGl$0mYKjxr4HF2xP+Ter1oQD1uCD2JRzLWddNmPnxUo5ZM=	16	fac2	Любимова	Любовь	\N	\N	\N	\N	\N	\N	\N	\N	\N	t	2024-04-12 09:30:13+03	2024-04-18 14:00:33.450199+03	f	\N	\N
pbkdf2_sha256$600000$SGxJH1x9UPp1lhXwpAqTj7$IYbGOllFPJmvvuEFWRgCGJJTer7LgqdzARMydvjFAl0=	3	child1	Учеников	Вася	\N	\N	\N	\N	\N	\N	\N	\N	\N	t	2024-04-04 11:33:36+03	2024-04-22 15:19:02.613213+03	f	\N	\N
\.


--
-- TOC entry 3683 (class 0 OID 38701)
-- Dependencies: 231
-- Data for Name: Users_groups; Type: TABLE DATA; Schema: public; Owner: postgres
--

COPY public."Users_groups" (id, user_id, group_id) FROM stdin;
\.


--
-- TOC entry 3685 (class 0 OID 38707)
-- Dependencies: 233
-- Data for Name: Users_user_permissions; Type: TABLE DATA; Schema: public; Owner: postgres
--

COPY public."Users_user_permissions" (id, user_id, permission_id) FROM stdin;
\.


--
-- TOC entry 3673 (class 0 OID 38637)
-- Dependencies: 221
-- Data for Name: auth_group; Type: TABLE DATA; Schema: public; Owner: postgres
--

COPY public.auth_group (id, name) FROM stdin;
\.


--
-- TOC entry 3675 (class 0 OID 38645)
-- Dependencies: 223
-- Data for Name: auth_group_permissions; Type: TABLE DATA; Schema: public; Owner: postgres
--

COPY public.auth_group_permissions (id, group_id, permission_id) FROM stdin;
\.


--
-- TOC entry 3671 (class 0 OID 38631)
-- Dependencies: 219
-- Data for Name: auth_permission; Type: TABLE DATA; Schema: public; Owner: postgres
--

COPY public.auth_permission (id, name, content_type_id, codename) FROM stdin;
1	Can add log entry	1	add_logentry
2	Can change log entry	1	change_logentry
3	Can delete log entry	1	delete_logentry
4	Can view log entry	1	view_logentry
5	Can add permission	2	add_permission
6	Can change permission	2	change_permission
7	Can delete permission	2	delete_permission
8	Can view permission	2	view_permission
9	Can add group	3	add_group
10	Can change group	3	change_group
11	Can delete group	3	delete_group
12	Can view group	3	view_group
13	Can add content type	4	add_contenttype
14	Can change content type	4	change_contenttype
15	Can delete content type	4	delete_contenttype
16	Can view content type	4	view_contenttype
17	Can add session	5	add_session
18	Can change session	5	change_session
19	Can delete session	5	delete_session
20	Can view session	5	view_session
21	Can add photo	6	add_photo
22	Can change photo	6	change_photo
23	Can delete photo	6	delete_photo
24	Can view photo	6	view_photo
25	Can add school db	7	add_schooldb
26	Can change school db	7	change_schooldb
27	Can delete school db	7	delete_schooldb
28	Can view school db	7	view_schooldb
29	Can add user	8	add_user
30	Can change user	8	change_user
31	Can delete user	8	delete_user
32	Can view user	8	view_user
33	Can add parent child1c	9	add_parentchild1c
34	Can change parent child1c	9	change_parentchild1c
35	Can delete parent child1c	9	delete_parentchild1c
36	Can view parent child1c	9	view_parentchild1c
37	Can add partner1c	10	add_partner1c
38	Can change partner1c	10	change_partner1c
39	Can delete partner1c	10	delete_partner1c
40	Can view partner1c	10	view_partner1c
41	Can add parent	11	add_parent
42	Can change parent	11	change_parent
43	Can delete parent	11	delete_parent
44	Can view parent	11	view_parent
45	Can add tutor	12	add_tutor
46	Can change tutor	12	change_tutor
47	Can delete tutor	12	delete_tutor
48	Can view tutor	12	view_tutor
49	Can add teacher	13	add_teacher
50	Can change teacher	13	change_teacher
51	Can delete teacher	13	delete_teacher
52	Can view teacher	13	view_teacher
53	Can add student	14	add_student
54	Can change student	14	change_student
55	Can delete student	14	delete_student
56	Can view student	14	view_student
57	Can add parent child	15	add_parentchild
58	Can change parent child	15	change_parentchild
59	Can delete parent child	15	delete_parentchild
60	Can view parent child	15	view_parentchild
61	Can add food	16	add_food
62	Can change food	16	change_food
63	Can delete food	16	delete_food
64	Can view food	16	view_food
65	Can add facultative teacher	17	add_facultativeteacher
66	Can change facultative teacher	17	change_facultativeteacher
67	Can delete facultative teacher	17	delete_facultativeteacher
68	Can view facultative teacher	17	view_facultativeteacher
69	Can add director	18	add_director
70	Can change director	18	change_director
71	Can delete director	18	delete_director
72	Can view director	18	view_director
73	Can add cabinet	19	add_cabinet
74	Can change cabinet	19	change_cabinet
75	Can delete cabinet	19	delete_cabinet
76	Can view cabinet	19	view_cabinet
77	Can add class	20	add_class
78	Can change class	20	change_class
79	Can delete class	20	delete_class
80	Can view class	20	view_class
81	Can add group	21	add_group
82	Can change group	21	change_group
83	Can delete group	21	delete_group
84	Can view group	21	view_group
85	Can add lesson	22	add_lesson
86	Can change lesson	22	change_lesson
87	Can delete lesson	22	delete_lesson
88	Can view lesson	22	view_lesson
89	Can add time lesson	23	add_timelesson
90	Can change time lesson	23	change_timelesson
91	Can delete time lesson	23	delete_timelesson
92	Can view time lesson	23	view_timelesson
93	Can add schedule	24	add_schedule
94	Can change schedule	24	change_schedule
95	Can delete schedule	24	delete_schedule
96	Can view schedule	24	view_schedule
97	Can add object	25	add_object
98	Can change object	25	change_object
99	Can delete object	25	delete_object
100	Can view object	25	view_object
101	Can add blacklisted token	26	add_blacklistedtoken
102	Can change blacklisted token	26	change_blacklistedtoken
103	Can delete blacklisted token	26	delete_blacklistedtoken
104	Can view blacklisted token	26	view_blacklistedtoken
105	Can add outstanding token	27	add_outstandingtoken
106	Can change outstanding token	27	change_outstandingtoken
107	Can delete outstanding token	27	delete_outstandingtoken
108	Can view outstanding token	27	view_outstandingtoken
109	Can add student class	28	add_studentclass
110	Can change student class	28	change_studentclass
111	Can delete student class	28	delete_studentclass
112	Can view student class	28	view_studentclass
113	Can add group class	29	add_groupclass
114	Can change group class	29	change_groupclass
115	Can delete group class	29	delete_groupclass
116	Can view group class	29	view_groupclass
117	Can add student group	29	add_studentgroup
118	Can change student group	29	change_studentgroup
119	Can delete student group	29	delete_studentgroup
120	Can view student group	29	view_studentgroup
\.


--
-- TOC entry 3687 (class 0 OID 38755)
-- Dependencies: 235
-- Data for Name: django_admin_log; Type: TABLE DATA; Schema: public; Owner: postgres
--

COPY public.django_admin_log (id, action_time, object_id, object_repr, action_flag, change_message, content_type_id, user_id) FROM stdin;
1	2024-04-03 13:57:14.233247+03	1	(timeLessonID 1) awdwad	1	[{"added": {}}]	23	1
2	2024-04-03 14:02:45.933422+03	1	(schoolID 1) Школа первая	1	[{"added": {}}]	7	1
3	2024-04-03 14:34:58.095834+03	1	(scheduleID 1) № 1 - 2024-04-03 14:34:47+03:00 | None	1	[{"added": {}}]	24	1
4	2024-04-03 15:11:50.001744+03	2	(userID 2)  	1	[{"added": {}}]	8	1
5	2024-04-03 15:14:07.310911+03	2	(schoolID 2) Школа вторая	1	[{"added": {}}]	7	1
6	2024-04-04 11:33:36.636476+03	3	(userID 3)  	1	[{"added": {}}]	8	1
7	2024-04-04 11:33:53.503184+03	3	(userID 3) Учеников Вася	2	[{"changed": {"fields": ["\\u0418\\u043c\\u044f", "\\u0424\\u0430\\u043c\\u0438\\u043b\\u0438\\u044f"]}}]	8	1
8	2024-04-04 11:34:15.086463+03	4	(userID 4)  	1	[{"added": {}}]	8	1
9	2024-04-04 11:34:31.186587+03	4	(userID 4) Родителев Анатолий	2	[{"changed": {"fields": ["\\u0418\\u043c\\u044f", "\\u0424\\u0430\\u043c\\u0438\\u043b\\u0438\\u044f"]}}]	8	1
10	2024-04-04 11:34:56.970013+03	5	(userID 5)  	1	[{"added": {}}]	8	1
11	2024-04-04 11:35:09.836783+03	5	(userID 5) Завучева Лариса	2	[{"changed": {"fields": ["\\u0418\\u043c\\u044f", "\\u0424\\u0430\\u043c\\u0438\\u043b\\u0438\\u044f"]}}]	8	1
12	2024-04-04 11:35:30.003627+03	6	(userID 6)  	1	[{"added": {}}]	8	1
13	2024-04-04 11:35:54.37044+03	6	(userID 6) Учителева Альбина	2	[{"changed": {"fields": ["\\u0418\\u043c\\u044f", "\\u0424\\u0430\\u043c\\u0438\\u043b\\u0438\\u044f"]}}]	8	1
14	2024-04-04 11:36:07.73707+03	1	(directorID 1) (userID 5) Завучева Лариса | (schoolID 1) Школа первая	1	[{"added": {}}]	18	1
15	2024-04-04 11:36:18.320366+03	1	(studentID 1) (userID 3) Учеников Вася | (schoolID 1) Школа первая	1	[{"added": {}}]	14	1
16	2024-04-04 11:36:27.603823+03	1	(teacherID 1) (userID 6) Учителева Альбина | (schoolID 1) Школа первая	1	[{"added": {}}]	13	1
17	2024-04-04 11:36:45.900843+03	1	(parentID 1) (userID 4) Родителев Анатолий | (schoolID 1) Школа первая	1	[{"added": {}}]	11	1
18	2024-04-04 11:36:53.920576+03	1	(parentChildID 1) Родитель: (parentID 1) (userID 4) Родителев Анатолий | (schoolID 1) Школа первая | Ребенок: (studentID 1) (userID 3) Учеников Вася | (schoolID 1) Школа первая	1	[{"added": {}}]	15	1
19	2024-04-04 11:37:17.820624+03	1	(cabinetID 1) Кабинет №1 | (schoolID 1) Школа первая	1	[{"added": {}}]	19	1
20	2024-04-04 11:37:47.004062+03	7	(userID 7)  	1	[{"added": {}}]	8	1
21	2024-04-04 11:37:59.704263+03	7	(userID 7) Тьюторова Алла	2	[{"changed": {"fields": ["\\u0418\\u043c\\u044f", "\\u0424\\u0430\\u043c\\u0438\\u043b\\u0438\\u044f"]}}]	8	1
22	2024-04-04 11:38:11.471024+03	1	(tutorID 1) (userID 7) Тьюторова Алла | (schoolID 1) Школа первая	1	[{"added": {}}]	12	1
23	2024-04-04 11:38:26.720924+03	1	(classID 1) 1А | (cabinetID 1) Кабинет №1 | (schoolID 1) Школа первая	1	[{"added": {}}]	20	1
24	2024-04-04 11:38:37.070992+03	1	(objectID 1) Информатика | (schoolID 1) Школа первая	1	[{"added": {}}]	25	1
25	2024-04-04 11:38:51.870376+03	1	(lessonID 1) (objectID 1) Информатика | (schoolID 1) Школа первая | (teacherID 1) (userID 6) Учителева Альбина | (schoolID 1) Школа первая	1	[{"added": {}}]	22	1
26	2024-04-04 11:39:57.355974+03	5	(timeLessonID 5) test2	3		23	1
27	2024-04-04 11:39:57.370876+03	4	(timeLessonID 4) test1	3		23	1
28	2024-04-04 11:39:57.371878+03	3	(timeLessonID 3) 2023-2024 учебный год 1	3		23	1
29	2024-04-04 11:39:57.371935+03	1	(timeLessonID 1) awdwad	3		23	1
30	2024-04-11 10:15:47.269305+03	10	(scheduleID 10) № 3 - 2024-04-19 20:00:00+00:00 | (lessonID 2) (objectID 2) Китайский язык | (schoolID 1) Школа первая | (teacherID 1) (userID 6) Учителева Альбина | (schoolID 1) Школа первая -> (less	3		24	1
31	2024-04-11 10:15:47.281379+03	9	(scheduleID 9) № 3 - 2024-04-10 21:00:00+00:00 | (lessonID 2) (objectID 2) Китайский язык | (schoolID 1) Школа первая | (teacherID 1) (userID 6) Учителева Альбина | (schoolID 1) Школа первая -> (lesso	3		24	1
32	2024-04-11 10:15:47.281379+03	8	(scheduleID 8) № 3 - 2024-04-09 21:00:00+00:00 | (lessonID 2) (objectID 2) Китайский язык | (schoolID 1) Школа первая | (teacherID 1) (userID 6) Учителева Альбина | (schoolID 1) Школа первая -> (lesso	3		24	1
33	2024-04-11 10:15:47.281379+03	7	(scheduleID 7) № 1 - 2023-12-31 21:00:00+00:00 | (lessonID 1) (objectID 1) Информатика | (schoolID 1) Школа первая | (teacherID 1) (userID 6) Учителева Альбина | (schoolID 1) Школа первая -> (lessonID	3		24	1
34	2024-04-11 10:15:47.281379+03	6	(scheduleID 6) № 3 - 2023-12-31 21:00:00+00:00 | (lessonID 1) (objectID 1) Информатика | (schoolID 1) Школа первая | (teacherID 1) (userID 6) Учителева Альбина | (schoolID 1) Школа первая -> (lessonID	3		24	1
35	2024-04-11 10:15:47.281379+03	5	(scheduleID 5) № 1 - 2023-12-31 21:00:00+00:00 | (lessonID 1) (objectID 1) Информатика | (schoolID 1) Школа первая | (teacherID 1) (userID 6) Учителева Альбина | (schoolID 1) Школа первая -> (lessonID	3		24	1
36	2024-04-11 10:15:47.281379+03	4	(scheduleID 4) № 1 - 2023-12-31 20:00:00+00:00 | (lessonID 1) (objectID 1) Информатика | (schoolID 1) Школа первая | (teacherID 1) (userID 6) Учителева Альбина | (schoolID 1) Школа первая -> (lessonID	3		24	1
37	2024-04-11 10:15:47.281379+03	3	(scheduleID 3) № 1 - 2024-01-01 21:00:00+00:00 | (lessonID 1) (objectID 1) Информатика | (schoolID 1) Школа первая | (teacherID 1) (userID 6) Учителева Альбина | (schoolID 1) Школа первая -> (lessonID	3		24	1
38	2024-04-11 10:15:47.281379+03	2	(scheduleID 2) № 1 - 2023-12-31 21:00:00+00:00 | (lessonID 1) (objectID 1) Информатика | (schoolID 1) Школа первая | (teacherID 1) (userID 6) Учителева Альбина | (schoolID 1) Школа первая	3		24	1
39	2024-04-11 15:41:43.988282+03	2	(timeLessonID 2) 2023-2024 учебный год	2	[]	23	1
40	2024-04-11 15:44:58.540076+03	2	(timeLessonID 2) 2023-2024 учебный год	2	[]	23	1
41	2024-04-11 15:47:31.841897+03	2	(timeLessonID 2) 2023-2024 учебный год	2	[]	23	1
42	2024-04-11 15:48:07.492472+03	2	(timeLessonID 2) 2023-2024 учебный год	2	[]	23	1
43	2024-04-11 15:49:14.622606+03	2	(timeLessonID 2) 2023-2024 учебный год	2	[]	23	1
44	2024-04-11 15:50:28.910758+03	2	(timeLessonID 2) 2023-2024 учебный год	2	[]	23	1
45	2024-04-11 16:11:16.726615+03	2	(timeLessonID 2) 2023-2024 учебный год	2	[]	23	1
46	2024-04-11 16:13:57.324571+03	2	(timeLessonID 2) 2023-2024 учебный год	2	[]	23	1
47	2024-04-11 16:51:46.071352+03	1	(schoolID 1) Школа первая	2	[{"changed": {"fields": ["\\u0427\\u0430\\u0441\\u043e\\u0432\\u043e\\u0439 \\u043f\\u043e\\u044f\\u0441"]}}]	7	1
48	2024-04-11 16:52:00.394239+03	2	(schoolID 2) Школа вторая	2	[]	7	1
49	2024-04-11 16:52:04.451846+03	1	(schoolID 1) Школа первая	2	[{"changed": {"fields": ["\\u0427\\u0430\\u0441\\u043e\\u0432\\u043e\\u0439 \\u043f\\u043e\\u044f\\u0441"]}}]	7	1
50	2024-04-11 16:52:10.666578+03	1	(schoolID 1) Школа первая	2	[]	7	1
51	2024-04-11 16:59:45.805812+03	2	(directorID 2) (userID 1) Соловьев Илья | (schoolID 2) Школа вторая	1	[{"added": {}}]	18	1
52	2024-04-11 17:12:21.452082+03	3	(schoolID 3) Школа 1	3		7	1
53	2024-04-11 17:36:01.073903+03	2	(timeLessonID 2) 2023-2024 учебный год	2	[]	23	1
54	2024-04-11 17:37:00.023757+03	2	(timeLessonID 2) 2023-2024 учебный год	2	[]	23	1
55	2024-04-11 17:43:42.894181+03	2	(timeLessonID 2) 2023-2024 учебный год	2	[]	23	1
56	2024-04-11 17:43:58.344445+03	2	(timeLessonID 2) 2023-2024 учебный год	2	[]	23	1
57	2024-04-11 17:45:14.528449+03	2	(timeLessonID 2) 2023-2024 учебный год	2	[]	23	1
58	2024-04-11 17:45:42.195612+03	2	(timeLessonID 2) 2023-2024 учебный год	2	[]	23	1
59	2024-04-11 17:45:56.379583+03	2	(timeLessonID 2) 2023-2024 учебный год	2	[]	23	1
60	2024-04-11 17:46:08.295751+03	2	(timeLessonID 2) 2023-2024 учебный год	2	[]	23	1
61	2024-04-11 17:46:43.82376+03	2	(timeLessonID 2) 2023-2024 учебный год	2	[]	23	1
62	2024-04-11 17:47:32.629969+03	2	(timeLessonID 2) 2023-2024 учебный год	2	[]	23	1
63	2024-04-11 17:48:12.817477+03	2	(timeLessonID 2) 2023-2024 учебный год	2	[]	23	1
64	2024-04-11 17:48:31.396616+03	2	(timeLessonID 2) 2023-2024 учебный год	2	[]	23	1
65	2024-04-11 17:48:48.781044+03	2	(timeLessonID 2) 2023-2024 учебный год	2	[]	23	1
66	2024-04-12 09:11:35.010423+03	48012	(scheduleID 48012) № 1 - 2024-04-11 06:50:00+00:00-2024-04-11 07:20:00+00:00 | (lessonID 1) (objectID 1) Информатика | (schoolID 1) Школа первая | (teacherID 1) (userID 6) Учителева Альбина | (schoolI	3		24	1
67	2024-04-12 09:14:07.829456+03	1	(classID 1) 10А | (cabinetID 1) Кабинет №1 | (schoolID 1) Школа первая	2	[{"changed": {"fields": ["\\u041d\\u0430\\u0437\\u0432\\u0430\\u043d\\u0438\\u0435"]}}]	20	1
68	2024-04-12 09:17:08.382513+03	3	(objectID 3) Информатика | (schoolID 1) Школа первая	1	[{"added": {}}]	25	1
69	2024-04-12 09:17:25.066038+03	1	(objectID 1) Русский язык | (schoolID 1) Школа первая	2	[{"changed": {"fields": ["\\u041d\\u0430\\u0437\\u0432\\u0430\\u043d\\u0438\\u0435"]}}]	25	1
70	2024-04-12 09:17:38.084473+03	4	(objectID 4) Биология | (schoolID 1) Школа первая	1	[{"added": {}}]	25	1
71	2024-04-12 09:17:47.04996+03	5	(objectID 5) Алгебра | (schoolID 1) Школа первая	1	[{"added": {}}]	25	1
72	2024-04-12 09:17:55.583238+03	6	(objectID 6) Геометрия | (schoolID 1) Школа первая	1	[{"added": {}}]	25	1
73	2024-04-12 09:18:02.265654+03	7	(objectID 7) Физика | (schoolID 1) Школа первая	1	[{"added": {}}]	25	1
74	2024-04-12 09:18:08.266839+03	8	(objectID 8) Химия | (schoolID 1) Школа первая	1	[{"added": {}}]	25	1
75	2024-04-12 09:19:26.651433+03	9	(objectID 9) Node JS | (schoolID 1) Школа первая	1	[{"added": {}}]	25	1
76	2024-04-12 09:19:44.034897+03	10	(objectID 10) Вышивание крестиком | (schoolID 1) Школа первая	1	[{"added": {}}]	25	1
77	2024-04-12 09:21:54.603641+03	2	(lessonID 2) (objectID 2) Китайский язык | (schoolID 1) Школа первая | (teacherID 1) (userID 6) Учителева Альбина | (schoolID 1) Школа первая	3		22	1
78	2024-04-12 09:23:16.105304+03	8	(userID 8)  	1	[{"added": {}}]	8	1
79	2024-04-12 09:23:41.711529+03	8	(userID 8) Андреев Андрей	2	[{"changed": {"fields": ["\\u0418\\u043c\\u044f", "\\u0424\\u0430\\u043c\\u0438\\u043b\\u0438\\u044f"]}}]	8	1
80	2024-04-12 09:24:20.92183+03	9	(userID 9)  	1	[{"added": {}}]	8	1
81	2024-04-12 09:24:29.86273+03	9	(userID 9) Иванов Иван	2	[{"changed": {"fields": ["\\u0418\\u043c\\u044f", "\\u0424\\u0430\\u043c\\u0438\\u043b\\u0438\\u044f"]}}]	8	1
82	2024-04-12 09:25:24.140874+03	10	(userID 10)  	1	[{"added": {}}]	8	1
83	2024-04-12 09:25:35.790141+03	10	(userID 10) Киреев Кирилл	2	[{"changed": {"fields": ["\\u0418\\u043c\\u044f", "\\u0424\\u0430\\u043c\\u0438\\u043b\\u0438\\u044f"]}}]	8	1
84	2024-04-12 09:26:02.657223+03	11	(userID 11)  	1	[{"added": {}}]	8	1
85	2024-04-12 09:26:21.641795+03	11	(userID 11) Попова Дарья	2	[{"changed": {"fields": ["\\u0418\\u043c\\u044f", "\\u0424\\u0430\\u043c\\u0438\\u043b\\u0438\\u044f"]}}]	8	1
86	2024-04-12 09:26:46.575418+03	12	(userID 12)  	1	[{"added": {}}]	8	1
87	2024-04-12 09:27:07.309073+03	12	(userID 12) Давыдова Сюзанна	2	[{"changed": {"fields": ["\\u0418\\u043c\\u044f", "\\u0424\\u0430\\u043c\\u0438\\u043b\\u0438\\u044f"]}}]	8	1
88	2024-04-12 09:27:41.862341+03	13	(userID 13)  	1	[{"added": {}}]	8	1
89	2024-04-12 09:28:16.210634+03	13	(userID 13) Лапшина Галина	2	[{"changed": {"fields": ["\\u0418\\u043c\\u044f", "\\u0424\\u0430\\u043c\\u0438\\u043b\\u0438\\u044f"]}}]	8	1
90	2024-04-12 09:28:43.276967+03	14	(userID 14)  	1	[{"added": {}}]	8	1
91	2024-04-12 09:28:57.777424+03	14	(userID 14) Рожкова Юлия	2	[{"changed": {"fields": ["\\u0418\\u043c\\u044f", "\\u0424\\u0430\\u043c\\u0438\\u043b\\u0438\\u044f"]}}]	8	1
92	2024-04-12 09:29:29.944252+03	15	(userID 15)  	1	[{"added": {}}]	8	1
93	2024-04-12 09:29:40.644407+03	15	(userID 15) Касперский Арсен	2	[{"changed": {"fields": ["\\u0418\\u043c\\u044f", "\\u0424\\u0430\\u043c\\u0438\\u043b\\u0438\\u044f"]}}]	8	1
94	2024-04-12 09:30:14.111338+03	16	(userID 16)  	1	[{"added": {}}]	8	1
95	2024-04-12 09:30:24.377395+03	16	(userID 16) Любимова Любовь	2	[{"changed": {"fields": ["\\u0418\\u043c\\u044f", "\\u0424\\u0430\\u043c\\u0438\\u043b\\u0438\\u044f"]}}]	8	1
96	2024-04-12 09:30:56.428473+03	2	(teacherID 2) (userID 8) Андреев Андрей | (schoolID 1) Школа первая	1	[{"added": {}}]	13	1
97	2024-04-12 09:31:02.414145+03	3	(teacherID 3) (userID 9) Иванов Иван | (schoolID 1) Школа первая	1	[{"added": {}}]	13	1
98	2024-04-12 09:31:07.178455+03	4	(teacherID 4) (userID 10) Киреев Кирилл | (schoolID 1) Школа первая	1	[{"added": {}}]	13	1
99	2024-04-12 09:31:11.467426+03	5	(teacherID 5) (userID 11) Попова Дарья | (schoolID 1) Школа первая	1	[{"added": {}}]	13	1
100	2024-04-12 09:31:16.683428+03	6	(teacherID 6) (userID 12) Давыдова Сюзанна | (schoolID 1) Школа первая	1	[{"added": {}}]	13	1
101	2024-04-12 09:31:21.063763+03	7	(teacherID 7) (userID 13) Лапшина Галина | (schoolID 1) Школа первая	1	[{"added": {}}]	13	1
102	2024-04-12 09:31:25.545329+03	8	(teacherID 8) (userID 14) Рожкова Юлия | (schoolID 1) Школа первая	1	[{"added": {}}]	13	1
103	2024-04-12 09:31:42.612219+03	1	(facultativeTeacherID 1) (userID 15) Касперский Арсен | (schoolID 1) Школа первая	1	[{"added": {}}]	17	1
104	2024-04-12 09:31:49.340416+03	2	(facultativeTeacherID 2) (userID 16) Любимова Любовь | (schoolID 1) Школа первая	1	[{"added": {}}]	17	1
105	2024-04-12 09:32:29.429228+03	3	(lessonID 3) (objectID 3) Информатика | (schoolID 1) Школа первая | (teacherID 2) (userID 8) Андреев Андрей | (schoolID 1) Школа первая	1	[{"added": {}}]	22	1
106	2024-04-12 09:32:46.37944+03	4	(lessonID 4) (objectID 2) Китайский язык | (schoolID 1) Школа первая | (teacherID 3) (userID 9) Иванов Иван | (schoolID 1) Школа первая	1	[{"added": {}}]	22	1
107	2024-04-12 09:33:09.996651+03	5	(lessonID 5) (objectID 4) Биология | (schoolID 1) Школа первая | (teacherID 4) (userID 10) Киреев Кирилл | (schoolID 1) Школа первая	1	[{"added": {}}]	22	1
108	2024-04-12 09:33:28.046282+03	6	(lessonID 6) (objectID 5) Алгебра | (schoolID 1) Школа первая | (teacherID 5) (userID 11) Попова Дарья | (schoolID 1) Школа первая	1	[{"added": {}}]	22	1
109	2024-04-12 09:33:43.446831+03	7	(lessonID 7) (objectID 6) Геометрия | (schoolID 1) Школа первая | (teacherID 6) (userID 12) Давыдова Сюзанна | (schoolID 1) Школа первая	1	[{"added": {}}]	22	1
110	2024-04-12 09:33:57.03008+03	8	(lessonID 8) (objectID 7) Физика | (schoolID 1) Школа первая | (teacherID 7) (userID 13) Лапшина Галина | (schoolID 1) Школа первая	1	[{"added": {}}]	22	1
111	2024-04-12 09:34:16.599451+03	9	(lessonID 9) (objectID 8) Химия | (schoolID 1) Школа первая | (teacherID 8) (userID 14) Рожкова Юлия | (schoolID 1) Школа первая	1	[{"added": {}}]	22	1
112	2024-04-12 09:34:26.198517+03	10	(lessonID 10) (objectID 9) Node JS | (schoolID 1) Школа первая | (facultativeTeacherID 1) (userID 15) Касперский Арсен | (schoolID 1) Школа первая	1	[{"added": {}}]	22	1
113	2024-04-12 09:34:36.380458+03	11	(lessonID 11) (objectID 10) Вышивание крестиком | (schoolID 1) Школа первая | (facultativeTeacherID 2) (userID 16) Любимова Любовь | (schoolID 1) Школа первая	1	[{"added": {}}]	22	1
114	2024-04-12 09:37:28.703027+03	2	(timeLessonID 2) 2023-2024 учебный год	3		23	1
115	2024-04-12 09:48:00.039268+03	2	(cabinetID 2) Кабинет №2 | (schoolID 1) Школа первая	1	[{"added": {}}]	19	1
116	2024-04-12 09:48:11.372487+03	3	(cabinetID 3) Кабинет №3 | (schoolID 1) Школа первая	1	[{"added": {}}]	19	1
117	2024-04-12 10:04:00.209097+03	6	(timeLessonID 6) 2023-2024 учебный год	2	[{"changed": {"fields": ["\\u041d\\u0430\\u0447\\u0430\\u043b\\u043e \\u0443\\u0440\\u043e\\u043a\\u0430 2"]}}]	23	1
118	2024-04-12 10:30:47.867282+03	3	(directorID 3) (userID 1) Соловьев Илья | (schoolID 1) Школа первая	1	[{"added": {}}]	18	1
119	2024-04-12 13:58:27.038438+03	6	(timeLessonID 6) 2023-2024 учебный год	2	[]	23	1
120	2024-04-12 13:59:21.33864+03	6	(timeLessonID 6) 2023-2024 учебный год	2	[]	23	1
121	2024-04-12 14:00:36.073533+03	6	(timeLessonID 6) 2023-2024 учебный год	2	[]	23	1
122	2024-04-12 14:00:54.20777+03	6	(timeLessonID 6) 2023-2024 учебный год	2	[]	23	1
123	2024-04-12 14:03:54.559944+03	6	(timeLessonID 6) 2023-2024 учебный год	2	[]	23	1
124	2024-04-12 14:05:06.160909+03	6	(timeLessonID 6) 2023-2024 учебный год	2	[]	23	1
125	2024-04-12 14:21:50.876228+03	6	(timeLessonID 6) 2023-2024 учебный год	2	[]	23	1
126	2024-04-12 14:23:01.034037+03	6	(timeLessonID 6) 2023-2024 учебный год	2	[]	23	1
127	2024-04-12 14:27:51.949547+03	6	(timeLessonID 6) 2023-2024 учебный год	2	[]	23	1
128	2024-04-12 14:28:51.192616+03	6	(timeLessonID 6) 2023-2024 учебный год	2	[{"changed": {"fields": ["\\u041d\\u0430\\u0447\\u0430\\u043b\\u043e \\u0443\\u0440\\u043e\\u043a\\u0430 2", "\\u041a\\u043e\\u043d\\u0435\\u0446 \\u0443\\u0440\\u043e\\u043a\\u0430 2"]}}]	23	1
129	2024-04-12 14:29:54.597086+03	6	(timeLessonID 6) 2023-2024 учебный год	2	[]	23	1
130	2024-04-12 14:30:25.521661+03	6	(timeLessonID 6) 2023-2024 учебный год	2	[]	23	1
131	2024-04-12 14:31:15.99406+03	6	(timeLessonID 6) 2023-2024 учебный год	2	[]	23	1
132	2024-04-12 14:31:55.717924+03	6	(timeLessonID 6) 2023-2024 учебный год	2	[]	23	1
133	2024-04-12 14:32:35.384122+03	1	(schoolID 1) Школа первая	2	[{"changed": {"fields": ["\\u0427\\u0430\\u0441\\u043e\\u0432\\u043e\\u0439 \\u043f\\u043e\\u044f\\u0441"]}}]	7	1
134	2024-04-12 14:33:23.28622+03	6	(timeLessonID 6) 2023-2024 учебный год	2	[{"changed": {"fields": ["\\u041d\\u0430\\u0447\\u0430\\u043b\\u043e \\u0443\\u0440\\u043e\\u043a\\u0430 6", "\\u041a\\u043e\\u043d\\u0435\\u0446 \\u0443\\u0440\\u043e\\u043a\\u0430 6"]}}]	23	1
135	2024-04-12 14:34:30.104865+03	6	(timeLessonID 6) 2023-2024 учебный год	2	[{"changed": {"fields": ["\\u041d\\u0430\\u0447\\u0430\\u043b\\u043e \\u0443\\u0440\\u043e\\u043a\\u0430 2", "\\u041a\\u043e\\u043d\\u0435\\u0446 \\u0443\\u0440\\u043e\\u043a\\u0430 2", "\\u041d\\u0430\\u0447\\u0430\\u043b\\u043e \\u0443\\u0440\\u043e\\u043a\\u0430 5", "\\u041a\\u043e\\u043d\\u0435\\u0446 \\u0443\\u0440\\u043e\\u043a\\u0430 5", "\\u041d\\u0430\\u0447\\u0430\\u043b\\u043e \\u0443\\u0440\\u043e\\u043a\\u0430 6", "\\u041a\\u043e\\u043d\\u0435\\u0446 \\u0443\\u0440\\u043e\\u043a\\u0430 6"]}}]	23	1
136	2024-04-12 14:35:19.213886+03	6	(timeLessonID 6) 2023-2024 учебный год	2	[{"changed": {"fields": ["\\u041d\\u0430\\u0447\\u0430\\u043b\\u043e \\u0443\\u0440\\u043e\\u043a\\u0430 5", "\\u041a\\u043e\\u043d\\u0435\\u0446 \\u0443\\u0440\\u043e\\u043a\\u0430 5"]}}]	23	1
137	2024-04-12 14:41:21.196843+03	48046	(scheduleID 48046) № None - 2024-04-11 15:10:00+03:00-2024-04-11 15:55:00+03:00 | (lessonID 11) (objectID 10) Вышивание крестиком | (schoolID 1) Школа первая | (facultativeTeacherID 2) (userID 16) Люб	2	[{"changed": {"fields": ["\\u0412\\u0440\\u0435\\u043c\\u044f \\u0443\\u0440\\u043e\\u043a\\u043e\\u0432"]}}]	24	1
138	2024-04-17 11:37:34.056926+03	6	(timeLessonID 6) 2023-2024 учебный год	2	[{"changed": {"fields": ["\\u041a\\u043e\\u043d\\u0435\\u0446 \\u0443\\u0440\\u043e\\u043a\\u0430 2"]}}]	23	1
139	2024-04-17 15:30:47.260426+03	9	(teacherID 9) (userID 16) Любимова Любовь | (schoolID 1) Школа первая	1	[{"added": {}}]	13	1
140	2024-04-17 15:54:42.746735+03	12	(lessonID 12) (objectID 7) Физика | (schoolID 1) Школа первая | (teacherID 9) (userID 16) Любимова Любовь | (schoolID 1) Школа первая	1	[{"added": {}}]	22	1
141	2024-04-17 15:55:22.088308+03	48033	(scheduleID 48033) № 4 - 2024-04-11 11:45:00+03:00-2024-04-11 12:30:00+03:00 | (lessonID 12) (objectID 7) Физика | (schoolID 1) Школа первая | (teacherID 9) (userID 16) Любимова Любовь | (schoolID 1) 	2	[{"changed": {"fields": ["\\u0423\\u0440\\u043e\\u043a"]}}]	24	1
142	2024-04-17 15:56:13.867286+03	2	(classID 2) 10Б | (cabinetID 2) Кабинет №2 | (schoolID 1) Школа первая	1	[{"added": {}}]	20	1
143	2024-04-17 15:56:22.351983+03	2	(classID 2) 9Б | (cabinetID 2) Кабинет №2 | (schoolID 1) Школа первая	2	[{"changed": {"fields": ["\\u041d\\u0430\\u0437\\u0432\\u0430\\u043d\\u0438\\u0435"]}}]	20	1
144	2024-04-17 15:57:45.909371+03	48032	(scheduleID 48032) № 4 - 2024-04-10 11:45:00+03:00-2024-04-10 12:30:00+03:00 | (lessonID 12) (objectID 7) Физика | (schoolID 1) Школа первая | (teacherID 9) (userID 16) Любимова Любовь | (schoolID 1) 	2	[{"changed": {"fields": ["\\u0423\\u0440\\u043e\\u043a", "\\u041a\\u043b\\u0430\\u0441\\u0441"]}}]	24	1
145	2024-04-22 10:32:31.22096+03	2	(tutorID 2) (userID 12) Давыдова Сюзанна | (schoolID 2) Школа вторая	2	[{"changed": {"fields": ["\\u041f\\u043e\\u043b\\u044c\\u0437\\u043e\\u0432\\u0430\\u0442\\u0435\\u043b\\u044c"]}}]	12	1
146	2024-04-22 10:33:33.35021+03	2	(studentClassID 2) Ученик: (studentID 2) (userID 9) Иванов Иван | (schoolID 2) Школа вторая | Класс: (classID 4) name | (cabinetID 4) name | (schoolID 2) Школа вторая	3		28	1
147	2024-04-22 10:33:33.35121+03	1	(studentClassID 1) Ученик: (studentID 1) (userID 3) Учеников Вася | (schoolID 1) Школа первая | Класс: (classID 1) 10А | (cabinetID 1) Кабинет №1 | (schoolID 1) Школа первая	3		28	1
148	2024-04-22 10:45:29.680628+03	5	(studentClassID 5) Ученик: (studentID 2) (userID 9) Иванов Иван | (schoolID 2) Школа вторая | Класс: (classID 4) name | (cabinetID 4) name | (schoolID 2) Школа вторая	1	[{"added": {}}]	28	1
149	2024-04-22 15:12:55.541989+03	3	(studentID 3) (userID 7) Тьюторова Алла | (schoolID 2) Школа вторая	1	[{"added": {}}]	14	1
150	2024-04-22 15:13:22.308272+03	17	(userID 17)  	1	[{"added": {}}]	8	1
151	2024-04-22 15:13:42.075797+03	17	(userID 17) Неактив Неактив	2	[{"changed": {"fields": ["\\u0418\\u043c\\u044f", "\\u0424\\u0430\\u043c\\u0438\\u043b\\u0438\\u044f"]}}]	8	1
152	2024-04-22 15:13:53.667047+03	17	(userID 17) Неактив Неактив	2	[{"changed": {"fields": ["\\u0410\\u043a\\u0442\\u0438\\u0432\\u043d\\u044b\\u0439 \\u043f\\u043e\\u043b\\u044c\\u0437\\u043e\\u0432\\u0430\\u0442\\u0435\\u043b\\u044c?"]}}]	8	1
153	2024-04-22 15:14:26.526555+03	4	(studentID 4) (userID 5) Завучева Лариса | (schoolID 1) Школа первая	1	[{"added": {}}]	14	1
154	2024-04-22 15:14:33.809913+03	4	(studentID 4) (userID 4) Родителев Анатолий | (schoolID 1) Школа первая	2	[{"changed": {"fields": ["\\u041f\\u043e\\u043b\\u044c\\u0437\\u043e\\u0432\\u0430\\u0442\\u0435\\u043b\\u044c"]}}]	14	1
155	2024-04-22 15:14:51.326743+03	5	(studentID 5) (userID 17) Неактив Неактив | (schoolID 2) Школа вторая	1	[{"added": {}}]	14	1
156	2024-04-22 15:18:25.429836+03	6	(studentID 6) (userID 17) Неактив Неактив | (schoolID 1) Школа первая	1	[{"added": {}}]	14	1
\.


--
-- TOC entry 3669 (class 0 OID 38623)
-- Dependencies: 217
-- Data for Name: django_content_type; Type: TABLE DATA; Schema: public; Owner: postgres
--

COPY public.django_content_type (id, app_label, model) FROM stdin;
1	admin	logentry
2	auth	permission
3	auth	group
4	contenttypes	contenttype
5	sessions	session
6	main_app	photo
7	main_app	schooldb
8	main_app	user
9	oneC	parentchild1c
10	oneC	partner1c
11	roles	parent
12	roles	tutor
13	roles	teacher
14	roles	student
15	roles	parentchild
16	roles	food
17	roles	facultativeteacher
18	roles	director
19	schedules	cabinet
20	schedules	class
21	schedules	group
22	schedules	lesson
23	schedules	timelesson
24	schedules	schedule
25	schedules	object
26	token_blacklist	blacklistedtoken
27	token_blacklist	outstandingtoken
28	schedules	studentclass
29	schedules	studentgroup
\.


--
-- TOC entry 3667 (class 0 OID 38615)
-- Dependencies: 215
-- Data for Name: django_migrations; Type: TABLE DATA; Schema: public; Owner: postgres
--

COPY public.django_migrations (id, app, name, applied) FROM stdin;
1	contenttypes	0001_initial	2024-04-03 13:52:41.252595+03
2	contenttypes	0002_remove_content_type_name	2024-04-03 13:52:41.256594+03
3	auth	0001_initial	2024-04-03 13:52:41.296594+03
4	auth	0002_alter_permission_name_max_length	2024-04-03 13:52:41.299595+03
5	auth	0003_alter_user_email_max_length	2024-04-03 13:52:41.303595+03
6	auth	0004_alter_user_username_opts	2024-04-03 13:52:41.305595+03
7	auth	0005_alter_user_last_login_null	2024-04-03 13:52:41.308594+03
8	auth	0006_require_contenttypes_0002	2024-04-03 13:52:41.309595+03
9	auth	0007_alter_validators_add_error_messages	2024-04-03 13:52:41.311595+03
10	auth	0008_alter_user_username_max_length	2024-04-03 13:52:41.314594+03
11	auth	0009_alter_user_last_name_max_length	2024-04-03 13:52:41.316594+03
12	auth	0010_alter_group_name_max_length	2024-04-03 13:52:41.320594+03
13	auth	0011_update_proxy_permissions	2024-04-03 13:52:41.323594+03
14	auth	0012_alter_user_first_name_max_length	2024-04-03 13:52:41.325594+03
15	main_app	0001_initial	2024-04-03 13:52:41.370594+03
16	admin	0001_initial	2024-04-03 13:52:41.388594+03
17	admin	0002_logentry_remove_auto_add	2024-04-03 13:52:41.392595+03
18	admin	0003_logentry_add_action_flag_choices	2024-04-03 13:52:41.396596+03
19	oneC	0001_initial	2024-04-03 13:52:41.406594+03
20	roles	0001_initial	2024-04-03 13:52:41.513594+03
21	schedules	0001_initial	2024-04-03 13:52:41.620594+03
22	sessions	0001_initial	2024-04-03 13:52:41.628594+03
23	token_blacklist	0001_initial	2024-04-03 13:52:41.656594+03
24	token_blacklist	0002_outstandingtoken_jti_hex	2024-04-03 13:52:41.663788+03
25	token_blacklist	0003_auto_20171017_2007	2024-04-03 13:52:41.673788+03
26	token_blacklist	0004_auto_20171017_2013	2024-04-03 13:52:41.683884+03
27	token_blacklist	0005_remove_outstandingtoken_jti	2024-04-03 13:52:41.689884+03
28	token_blacklist	0006_auto_20171017_2113	2024-04-03 13:52:41.696849+03
29	token_blacklist	0007_auto_20171017_2214	2024-04-03 13:52:41.731849+03
30	token_blacklist	0008_migrate_to_bigautofield	2024-04-03 13:52:41.766849+03
31	token_blacklist	0010_fix_migrate_to_bigautofield	2024-04-03 13:52:41.779851+03
32	token_blacklist	0011_linearizes_history	2024-04-03 13:52:41.781851+03
33	token_blacklist	0012_alter_outstandingtoken_user	2024-04-03 13:52:41.789849+03
34	schedules	0002_remove_schedule_date_remove_schedule_end_and_more	2024-04-03 14:37:59.332343+03
35	schedules	0003_schedule_date_schedule_end_schedule_number_and_more	2024-04-03 14:43:44.232984+03
36	schedules	0004_remove_schedule_date	2024-04-03 14:43:44.242085+03
37	schedules	0005_schedule_date	2024-04-03 14:43:44.270375+03
38	schedules	0006_alter_schedule_date	2024-04-03 14:43:44.276376+03
39	schedules	0007_remove_schedule_date	2024-04-11 10:18:28.037308+03
40	schedules	0008_alter_schedule_end_alter_schedule_start	2024-04-11 10:26:43.938252+03
41	schedules	0009_alter_schedule_number	2024-04-11 10:34:45.618229+03
42	main_app	0002_schooldb_timezone	2024-04-11 16:38:10.471053+03
43	main_app	0003_alter_schooldb_timezone	2024-04-11 16:40:41.362107+03
44	main_app	0004_alter_schooldb_timezone	2024-04-11 16:51:28.696298+03
45	schedules	0010_alter_timelesson_lesson10_end_and_more	2024-04-11 17:20:20.436911+03
46	schedules	0011_studentclass_groupclass	2024-04-18 14:50:36.331074+03
47	schedules	0012_rename_groupclass_studentgroup	2024-04-18 14:52:29.521904+03
\.


--
-- TOC entry 3722 (class 0 OID 39081)
-- Dependencies: 270
-- Data for Name: django_session; Type: TABLE DATA; Schema: public; Owner: postgres
--

COPY public.django_session (session_key, session_data, expire_date) FROM stdin;
159jdh9gso8z2eyh3zpwuvfju0jwfxgb	.eJxVjEEOwiAQRe_C2hDGKTB16b5nIAxDpWpoUtqV8e7apAvd_vfef6kQt7WEreUlTKIuCtTpd-OYHrnuQO6x3mad5rouE-td0QdtepglP6-H-3dQYivf2jCL74AxJ2RLKGDBx9QZGgFGAeesAzKUzoxo2HrMJN5Y7Il6oKjeH9LfNto:1rryHC:88eb5b2wb2QCspok3b3Pjdjgey6KqTyprUB_8py3FdY	2024-04-17 13:55:30.870729+03
k0nwns2pvzdmivlctzylol37bgibanjg	.eJxVjEEOwiAQRe_C2hDGKTB16b5nIAxDpWpoUtqV8e7apAvd_vfef6kQt7WEreUlTKIuCtTpd-OYHrnuQO6x3mad5rouE-td0QdtepglP6-H-3dQYivf2jCL74AxJ2RLKGDBx9QZGgFGAeesAzKUzoxo2HrMJN5Y7Il6oKjeH9LfNto:1ruXlx:FAtOC3CdtM8x7xHt9BEJXg4Vgd5iM7E7-4lXliQSSB4	2024-04-24 16:13:53.479971+03
wcr8e1jcsy3zjjbeyvl3wrw8s1fh1d8b	.eJxVjEEOwiAQRe_C2hDGKTB16b5nIAxDpWpoUtqV8e7apAvd_vfef6kQt7WEreUlTKIuCtTpd-OYHrnuQO6x3mad5rouE-td0QdtepglP6-H-3dQYivf2jCL74AxJ2RLKGDBx9QZGgFGAeesAzKUzoxo2HrMJN5Y7Il6oKjeH9LfNto:1rxMqv:h68ZV0vVVy-K0xUlb-2av4gClJ6QUZwP5ivYjG8i78M	2024-05-02 11:10:41.339413+03
\.


--
-- TOC entry 3724 (class 0 OID 39091)
-- Dependencies: 272
-- Data for Name: token_blacklist_blacklistedtoken; Type: TABLE DATA; Schema: public; Owner: postgres
--

COPY public.token_blacklist_blacklistedtoken (id, blacklisted_at, token_id) FROM stdin;
\.


--
-- TOC entry 3726 (class 0 OID 39097)
-- Dependencies: 274
-- Data for Name: token_blacklist_outstandingtoken; Type: TABLE DATA; Schema: public; Owner: postgres
--

COPY public.token_blacklist_outstandingtoken (id, token, created_at, expires_at, user_id, jti) FROM stdin;
1	eyJhbGciOiJIUzI1NiIsInR5cCI6IkpXVCJ9.eyJ0b2tlbl90eXBlIjoicmVmcmVzaCIsImV4cCI6MTcxNDczMzc2OCwiaWF0IjoxNzEyMTQxNzY4LCJqdGkiOiJiNjg0YmFkM2RlOWM0NjU2YWRiYzI5NzkyM2MxZWRhZSIsInVzZXJfaWQiOjF9.cyUg2SdtlSUJ6ZrHm-LnYNOoxCXl_W86KLxNzioWir0	2024-04-03 13:56:08.188124+03	2024-05-03 13:56:08+03	1	b684bad3de9c4656adbc297923c1edae
2	eyJhbGciOiJIUzI1NiIsInR5cCI6IkpXVCJ9.eyJ0b2tlbl90eXBlIjoicmVmcmVzaCIsImV4cCI6MTcxNDczNDIwNSwiaWF0IjoxNzEyMTQyMjA1LCJqdGkiOiI4MjE2NGE1YTNhZmU0NDJjOTFmZmVlYWRiMTZjN2UxYiIsInVzZXJfaWQiOjF9.LHH1ikWdXNP8M0KqB6s1ww6Q_jCVsocbhTE1HIpT0rU	2024-04-03 14:03:25.502072+03	2024-05-03 14:03:25+03	1	82164a5a3afe442c91ffeeadb16c7e1b
3	eyJhbGciOiJIUzI1NiIsInR5cCI6IkpXVCJ9.eyJ0b2tlbl90eXBlIjoicmVmcmVzaCIsImV4cCI6MTcxNDczNDU2NywiaWF0IjoxNzEyMTQyNTY3LCJqdGkiOiIwZGZkMDY5ZGFjNWI0ZGZkODU1YzQyZTFiMWQ2ODIyZiIsInVzZXJfaWQiOjF9.VNv1DxKRiIsBTAZyBMXFP8qi63hrkeT11T9_wtclvVw	2024-04-03 14:09:27.13927+03	2024-05-03 14:09:27+03	1	0dfd069dac5b4dfd855c42e1b1d6822f
4	eyJhbGciOiJIUzI1NiIsInR5cCI6IkpXVCJ9.eyJ0b2tlbl90eXBlIjoicmVmcmVzaCIsImV4cCI6MTcxNDczNjY2MiwiaWF0IjoxNzEyMTQ0NjYyLCJqdGkiOiJhMTNhY2I5YmM2N2M0YTQ5ODNhMzA3YzZlNDk3ZGJiNSIsInVzZXJfaWQiOjF9.5X78oM9O887zmQbd0aMZkiM1ZAEG30HAqtNmopnH_Rw	2024-04-03 14:44:22.017986+03	2024-05-03 14:44:22+03	1	a13acb9bc67c4a4983a307c6e497dbb5
5	eyJhbGciOiJIUzI1NiIsInR5cCI6IkpXVCJ9.eyJ0b2tlbl90eXBlIjoicmVmcmVzaCIsImV4cCI6MTcxNDczNjczOCwiaWF0IjoxNzEyMTQ0NzM4LCJqdGkiOiIzYmVjMTBlMzkyZGM0MGMxYjI4MmFjMWEyNzBhNzI4MCIsInVzZXJfaWQiOjF9.8tD6BoOdFdk_ZWhJP0YK-ZTwBhg8aTHQyKv_tVJQzog	2024-04-03 14:45:38.800236+03	2024-05-03 14:45:38+03	1	3bec10e392dc40c1b282ac1a270a7280
6	eyJhbGciOiJIUzI1NiIsInR5cCI6IkpXVCJ9.eyJ0b2tlbl90eXBlIjoicmVmcmVzaCIsImV4cCI6MTcxNDczNzEyMCwiaWF0IjoxNzEyMTQ1MTIwLCJqdGkiOiI4NzVjNGQxOTEyMjQ0NTc3YTRkNWIwZDcxYTkwOGNkNCIsInVzZXJfaWQiOjF9.bpc4qIv_1wFZbxJihvbOV1bNUdrfNGmgIPwUk8QRYY0	2024-04-03 14:52:00.363477+03	2024-05-03 14:52:00+03	1	875c4d1912244577a4d5b0d71a908cd4
7	eyJhbGciOiJIUzI1NiIsInR5cCI6IkpXVCJ9.eyJ0b2tlbl90eXBlIjoicmVmcmVzaCIsImV4cCI6MTcxNDczNzE4MCwiaWF0IjoxNzEyMTQ1MTgwLCJqdGkiOiIwNzRmODBhYzJhNjk0YmZjOTdiN2ExOTllMWZiMzAzNSIsInVzZXJfaWQiOjF9.aMny3Q35fcp93ikuCYIb7LLFJt2j89sogtkqaCnhw9o	2024-04-03 14:53:00.181062+03	2024-05-03 14:53:00+03	1	074f80ac2a694bfc97b7a199e1fb3035
8	eyJhbGciOiJIUzI1NiIsInR5cCI6IkpXVCJ9.eyJ0b2tlbl90eXBlIjoicmVmcmVzaCIsImV4cCI6MTcxNDczNzU5MCwiaWF0IjoxNzEyMTQ1NTkwLCJqdGkiOiIxN2QzOWY2NGJiMGE0ZjQ2YTYwNjJiOTFlYTJiMTM5YSIsInVzZXJfaWQiOjF9.Je-N-v8wQLUaOISS_nsKpE57RZSaKfEDeVtpc7KkgWE	2024-04-03 14:59:50.577797+03	2024-05-03 14:59:50+03	1	17d39f64bb0a4f46a6062b91ea2b139a
9	eyJhbGciOiJIUzI1NiIsInR5cCI6IkpXVCJ9.eyJ0b2tlbl90eXBlIjoicmVmcmVzaCIsImV4cCI6MTcxNDgxMDUzOCwiaWF0IjoxNzEyMjE4NTM4LCJqdGkiOiJkZThmZjQ5MWNhYzg0OGZlODhkZTAxYjk1MzcwZWM3OSIsInVzZXJfaWQiOjF9.-R1TX--a6RG8FzrWGamEtTIt-rjKFPuilwJnRRi5nCs	2024-04-04 11:15:38.288643+03	2024-05-04 11:15:38+03	1	de8ff491cac848fe88de01b95370ec79
10	eyJhbGciOiJIUzI1NiIsInR5cCI6IkpXVCJ9.eyJ0b2tlbl90eXBlIjoicmVmcmVzaCIsImV4cCI6MTcxNDgxMDYyNCwiaWF0IjoxNzEyMjE4NjI0LCJqdGkiOiJlM2NmNTcwZmMwMmI0NTQzYjYxNmIxMjM5OGNkZTViMyIsInVzZXJfaWQiOjF9.E_a5OznJZ3T5oYGPJg5GAhVHI5jtyqxRbUKnUKRfjpY	2024-04-04 11:17:04.535005+03	2024-05-04 11:17:04+03	1	e3cf570fc02b4543b616b12398cde5b3
11	eyJhbGciOiJIUzI1NiIsInR5cCI6IkpXVCJ9.eyJ0b2tlbl90eXBlIjoicmVmcmVzaCIsImV4cCI6MTcxNDgxMTAyMCwiaWF0IjoxNzEyMjE5MDIwLCJqdGkiOiIwOTJlMzhjZGIwODA0YTEzYWUxODA2NjY3NzVmNDhmZiIsInVzZXJfaWQiOjF9.BTq7yIhKLSH9viIPo8mdBOdYT6_TQyI3V7tBQ80e5C8	2024-04-04 11:23:40.480274+03	2024-05-04 11:23:40+03	1	092e38cdb0804a13ae180666775f48ff
12	eyJhbGciOiJIUzI1NiIsInR5cCI6IkpXVCJ9.eyJ0b2tlbl90eXBlIjoicmVmcmVzaCIsImV4cCI6MTcxNDgxMjA5NywiaWF0IjoxNzEyMjIwMDk3LCJqdGkiOiIyNWFhNWU0YTI4MGI0NjYyOGNjNjE1YzUwYjNiZmE4NCIsInVzZXJfaWQiOjF9.El8k4JclEqosp5vxFCMSNAA8BdBl3bvTnXvqxmOaC6k	2024-04-04 11:41:37.994013+03	2024-05-04 11:41:37+03	1	25aa5e4a280b46628cc615c50b3bfa84
13	eyJhbGciOiJIUzI1NiIsInR5cCI6IkpXVCJ9.eyJ0b2tlbl90eXBlIjoicmVmcmVzaCIsImV4cCI6MTcxNDgxMjM5NiwiaWF0IjoxNzEyMjIwMzk2LCJqdGkiOiI1YmMxYzFkYjAxYjM0NmM3ODBlNDA2NDU1YTI3YjdlMyIsInVzZXJfaWQiOjF9.JaGhh6of1fPNJYTRrGnSKFsnDB1viqx7hNk0TBwjTRs	2024-04-04 11:46:36.307897+03	2024-05-04 11:46:36+03	1	5bc1c1db01b346c780e406455a27b7e3
14	eyJhbGciOiJIUzI1NiIsInR5cCI6IkpXVCJ9.eyJ0b2tlbl90eXBlIjoicmVmcmVzaCIsImV4cCI6MTcxNDgxMjUwMiwiaWF0IjoxNzEyMjIwNTAyLCJqdGkiOiI5ZDMwNDdhNGRlYzA0ZDc1YWM1MjA3YTg0MDVjZjdiMyIsInVzZXJfaWQiOjF9.Urg3slPWxREE_jLd0IFdEVKASelOSB05I7GtZgClcto	2024-04-04 11:48:22.608826+03	2024-05-04 11:48:22+03	1	9d3047a4dec04d75ac5207a8405cf7b3
15	eyJhbGciOiJIUzI1NiIsInR5cCI6IkpXVCJ9.eyJ0b2tlbl90eXBlIjoicmVmcmVzaCIsImV4cCI6MTcxNDgxMjg3MiwiaWF0IjoxNzEyMjIwODcyLCJqdGkiOiI2N2EzOTRhODExMGE0ZGJlYTYyYWU4NGRkYTRhNjU1ZiIsInVzZXJfaWQiOjF9.31wCd_6Tm6eMAFwAGiN2a-z2y1YAsMYHmxsjclfdQLk	2024-04-04 11:54:32.860902+03	2024-05-04 11:54:32+03	1	67a394a8110a4dbea62ae84dda4a655f
16	eyJhbGciOiJIUzI1NiIsInR5cCI6IkpXVCJ9.eyJ0b2tlbl90eXBlIjoicmVmcmVzaCIsImV4cCI6MTcxNDgxMzA0MywiaWF0IjoxNzEyMjIxMDQzLCJqdGkiOiI0N2E2YmU3ZWIwM2E0NjU5YWQ2Nzc2MmFiYTRmNjMxOCIsInVzZXJfaWQiOjF9.V5fPSr4rkeHr9rlLvnhktshWrGVCEiE1fwbZrkHQ_CI	2024-04-04 11:57:23.009064+03	2024-05-04 11:57:23+03	1	47a6be7eb03a4659ad67762aba4f6318
17	eyJhbGciOiJIUzI1NiIsInR5cCI6IkpXVCJ9.eyJ0b2tlbl90eXBlIjoicmVmcmVzaCIsImV4cCI6MTcxNDgxMzQxNCwiaWF0IjoxNzEyMjIxNDE0LCJqdGkiOiI4MDgyM2NjZDg4ZjA0NTM5YjA4NTc5ZDk0MGJkMDg0YyIsInVzZXJfaWQiOjF9.RbbXmxyneeTP_jJHWNCnlfYOIYYozEI6l7m7qr-tyw4	2024-04-04 12:03:34.099273+03	2024-05-04 12:03:34+03	1	80823ccd88f04539b08579d940bd084c
18	eyJhbGciOiJIUzI1NiIsInR5cCI6IkpXVCJ9.eyJ0b2tlbl90eXBlIjoicmVmcmVzaCIsImV4cCI6MTcxNDgxMzU3NywiaWF0IjoxNzEyMjIxNTc3LCJqdGkiOiI3OWFmN2IwNDdhY2Y0ODgwYWY0YmI4YjhiMjY2NjBmZSIsInVzZXJfaWQiOjF9.xruj3It7YX5iuZ3titJlC9KT9GJCn-zozEs6r1bYQTw	2024-04-04 12:06:17.409347+03	2024-05-04 12:06:17+03	1	79af7b047acf4880af4bb8b8b26660fe
19	eyJhbGciOiJIUzI1NiIsInR5cCI6IkpXVCJ9.eyJ0b2tlbl90eXBlIjoicmVmcmVzaCIsImV4cCI6MTcxNDgxMzY4MywiaWF0IjoxNzEyMjIxNjgzLCJqdGkiOiI5NjhjOWQ3NDM0MDA0Mzc3OTk0ZWE4ZDIwNTk1NGI1YiIsInVzZXJfaWQiOjF9.5UUm9ubN-zhE9YK7iMuDNHR8aOeaeWbbplAGUrNP01k	2024-04-04 12:08:03.505457+03	2024-05-04 12:08:03+03	1	968c9d7434004377994ea8d205954b5b
20	eyJhbGciOiJIUzI1NiIsInR5cCI6IkpXVCJ9.eyJ0b2tlbl90eXBlIjoicmVmcmVzaCIsImV4cCI6MTcxNDgxMzcyMCwiaWF0IjoxNzEyMjIxNzIwLCJqdGkiOiJiNTA5MmI0ZDgxY2Q0MmE4Yjk5NWM4MzkxNGZhMjRhYiIsInVzZXJfaWQiOjF9.XHsxvMKOxtSsw61jf9hiL94-xPwfCtIsdcRF-fpQ7Fc	2024-04-04 12:08:40.201372+03	2024-05-04 12:08:40+03	1	b5092b4d81cd42a8b995c83914fa24ab
21	eyJhbGciOiJIUzI1NiIsInR5cCI6IkpXVCJ9.eyJ0b2tlbl90eXBlIjoicmVmcmVzaCIsImV4cCI6MTcxNDgxMzg5NiwiaWF0IjoxNzEyMjIxODk2LCJqdGkiOiJjODRkYWMyYWNhYzk0NzhiYTljMmIxZjJjMGJhYzI4NiIsInVzZXJfaWQiOjF9.FytKCtrDDh9fqmlA50gDo5gacMTeGIjOerQzy0w-63I	2024-04-04 12:11:36.305159+03	2024-05-04 12:11:36+03	1	c84dac2acac9478ba9c2b1f2c0bac286
22	eyJhbGciOiJIUzI1NiIsInR5cCI6IkpXVCJ9.eyJ0b2tlbl90eXBlIjoicmVmcmVzaCIsImV4cCI6MTcxNDgxMzk5NCwiaWF0IjoxNzEyMjIxOTk0LCJqdGkiOiI1NmRhNzJkNzljOTk0MjJjYWM0MzI4ZmUzMTE3ZDM4NiIsInVzZXJfaWQiOjF9.uuD5NuQ2ajnEPunqaP9gyLh9yOFwl9cEKRmzzdkWbIQ	2024-04-04 12:13:14.833639+03	2024-05-04 12:13:14+03	1	56da72d79c99422cac4328fe3117d386
23	eyJhbGciOiJIUzI1NiIsInR5cCI6IkpXVCJ9.eyJ0b2tlbl90eXBlIjoicmVmcmVzaCIsImV4cCI6MTcxNDgxNDAxOSwiaWF0IjoxNzEyMjIyMDE5LCJqdGkiOiJmYzQxZGYyOTA1YTE0N2MzYjlkOWFjYjUyNzE5OWNiMiIsInVzZXJfaWQiOjF9.njpZxG8BUsgChsp-Ym7R0jgD4O4GHirehs_5cA0bmzU	2024-04-04 12:13:39.949928+03	2024-05-04 12:13:39+03	1	fc41df2905a147c3b9d9acb527199cb2
24	eyJhbGciOiJIUzI1NiIsInR5cCI6IkpXVCJ9.eyJ0b2tlbl90eXBlIjoicmVmcmVzaCIsImV4cCI6MTcxNDgxNDE0NSwiaWF0IjoxNzEyMjIyMTQ1LCJqdGkiOiIxMWI1ZTVkMTZhMDI0YWFlYWE2ZWY2NWIyNDljMTY2NiIsInVzZXJfaWQiOjF9.JHb623hWCOCzRC6YSptZK0N6a10_jWLc1kkzcj49Vwo	2024-04-04 12:15:45.723702+03	2024-05-04 12:15:45+03	1	11b5e5d16a024aaeaa6ef65b249c1666
25	eyJhbGciOiJIUzI1NiIsInR5cCI6IkpXVCJ9.eyJ0b2tlbl90eXBlIjoicmVmcmVzaCIsImV4cCI6MTcxNDgxNDE3MywiaWF0IjoxNzEyMjIyMTczLCJqdGkiOiI1MDg4NmQ3NzkwZDk0MTBhYmVkY2Y3NGE3OWJmN2FhMyIsInVzZXJfaWQiOjF9.Q51PdBcQYZi_maCY4rX1kUHszEI_JscTOXGW7bAhSaA	2024-04-04 12:16:13.884119+03	2024-05-04 12:16:13+03	1	50886d7790d9410abedcf74a79bf7aa3
26	eyJhbGciOiJIUzI1NiIsInR5cCI6IkpXVCJ9.eyJ0b2tlbl90eXBlIjoicmVmcmVzaCIsImV4cCI6MTcxNDgxNDIwNCwiaWF0IjoxNzEyMjIyMjA0LCJqdGkiOiJhZDNkNzkyZDFmYWI0MGVjOTIwMzBiMzcyMmFkZmYwYyIsInVzZXJfaWQiOjF9.ueI3IdPydIEZunp_egdZO6ABgKqhsYWO4GJfJMZyEps	2024-04-04 12:16:44.355527+03	2024-05-04 12:16:44+03	1	ad3d792d1fab40ec92030b3722adff0c
27	eyJhbGciOiJIUzI1NiIsInR5cCI6IkpXVCJ9.eyJ0b2tlbl90eXBlIjoicmVmcmVzaCIsImV4cCI6MTcxNDgxNDMxMSwiaWF0IjoxNzEyMjIyMzExLCJqdGkiOiI5YmZkZjZmOTk4YjI0YmU2YWU5YTVjMWY3YWUwZWY4NyIsInVzZXJfaWQiOjF9.o4gIQpXb6CPWk68NxjXqa_YzwQxGbtDCqKyyC9aMHAI	2024-04-04 12:18:31.904983+03	2024-05-04 12:18:31+03	1	9bfdf6f998b24be6ae9a5c1f7ae0ef87
28	eyJhbGciOiJIUzI1NiIsInR5cCI6IkpXVCJ9.eyJ0b2tlbl90eXBlIjoicmVmcmVzaCIsImV4cCI6MTcxNDgxNDM3NCwiaWF0IjoxNzEyMjIyMzc0LCJqdGkiOiIwZTU0NWI4NDI0M2U0OTM0OTBlZjlhYjgwYmUyOWYyOSIsInVzZXJfaWQiOjF9.8lQKi6qppXWdzndW9PB-7MLa5v7xromYOCtOuI92CNY	2024-04-04 12:19:34.448932+03	2024-05-04 12:19:34+03	1	0e545b84243e493490ef9ab80be29f29
29	eyJhbGciOiJIUzI1NiIsInR5cCI6IkpXVCJ9.eyJ0b2tlbl90eXBlIjoicmVmcmVzaCIsImV4cCI6MTcxNDgxNTM2NywiaWF0IjoxNzEyMjIzMzY3LCJqdGkiOiI0MGIyZDY1OTYzZmQ0NTRjYjEyMGE0NjYzOWEwYTMzMyIsInVzZXJfaWQiOjF9.Upt9_6Sv-76SDanE_Oq41rHbPmRD5STYCPt8KxLeatM	2024-04-04 12:36:07.265511+03	2024-05-04 12:36:07+03	1	40b2d65963fd454cb120a46639a0a333
30	eyJhbGciOiJIUzI1NiIsInR5cCI6IkpXVCJ9.eyJ0b2tlbl90eXBlIjoicmVmcmVzaCIsImV4cCI6MTcxNDgxNTY0MSwiaWF0IjoxNzEyMjIzNjQxLCJqdGkiOiJhNjIxMjM1YzIzMDg0YjU0YTRiOWU4NWY4ZGU0MDk4MiIsInVzZXJfaWQiOjF9.G49lskHodHOE_HuyGFrcRfAdnlZFZ9xeonrIv8q7C2k	2024-04-04 12:40:41.493456+03	2024-05-04 12:40:41+03	1	a621235c23084b54a4b9e85f8de40982
31	eyJhbGciOiJIUzI1NiIsInR5cCI6IkpXVCJ9.eyJ0b2tlbl90eXBlIjoicmVmcmVzaCIsImV4cCI6MTcxNDgxNTkwMCwiaWF0IjoxNzEyMjIzOTAwLCJqdGkiOiI3NWExMDYwODRkNTk0OGU3YTE2MTMyYmFkNWE0Y2M2MiIsInVzZXJfaWQiOjF9.gvEPua35Hc2n--Cf9l_n-CK5GKgJTYgq4bsIFqL68Qs	2024-04-04 12:45:00.887825+03	2024-05-04 12:45:00+03	1	75a106084d5948e7a16132bad5a4cc62
32	eyJhbGciOiJIUzI1NiIsInR5cCI6IkpXVCJ9.eyJ0b2tlbl90eXBlIjoicmVmcmVzaCIsImV4cCI6MTcxNDgxNjQyMSwiaWF0IjoxNzEyMjI0NDIxLCJqdGkiOiJlYjZhODliY2ViODU0MGViYWVhYWRlNGFkZjc0NTc5ZiIsInVzZXJfaWQiOjF9.LZKmdmKDZY16RjckkVwwlVbPOT-BPLHMfq10spOLYtc	2024-04-04 12:53:41.272964+03	2024-05-04 12:53:41+03	1	eb6a89bceb8540ebaeaade4adf74579f
33	eyJhbGciOiJIUzI1NiIsInR5cCI6IkpXVCJ9.eyJ0b2tlbl90eXBlIjoicmVmcmVzaCIsImV4cCI6MTcxNDgxNjc1OCwiaWF0IjoxNzEyMjI0NzU4LCJqdGkiOiI5ZTQyMTUyZmNlYjU0ODE1OTNjZjBhNzAwYThmYWRlNiIsInVzZXJfaWQiOjF9.-n0z4kHnbKuPcvl5f7j4y8jSYq2WM3gKIpG3e4DNfnU	2024-04-04 12:59:18.748776+03	2024-05-04 12:59:18+03	1	9e42152fceb5481593cf0a700a8fade6
34	eyJhbGciOiJIUzI1NiIsInR5cCI6IkpXVCJ9.eyJ0b2tlbl90eXBlIjoicmVmcmVzaCIsImV4cCI6MTcxNDgxNzEwMywiaWF0IjoxNzEyMjI1MTAzLCJqdGkiOiJhYjkwYzFhZDFiZGY0MDliYmMxOTkzNWFiMTNiY2E5MiIsInVzZXJfaWQiOjF9.g4LOfcUYc8LAuxOJrRTgQL2tUSFbD_SMVw_Gqhz-QA0	2024-04-04 13:05:03.301543+03	2024-05-04 13:05:03+03	1	ab90c1ad1bdf409bbc19935ab13bca92
35	eyJhbGciOiJIUzI1NiIsInR5cCI6IkpXVCJ9.eyJ0b2tlbl90eXBlIjoicmVmcmVzaCIsImV4cCI6MTcxNDgxODc4MSwiaWF0IjoxNzEyMjI2NzgxLCJqdGkiOiIzN2IzMWUzM2E4N2Q0NzBmYjM3M2JjNzdjNDUzNTM3OSIsInVzZXJfaWQiOjF9.2t-0eNO-sgF4euf3GKWqxmOfFbXolBIfOVO6OUocGno	2024-04-04 13:33:01.043869+03	2024-05-04 13:33:01+03	1	37b31e33a87d470fb373bc77c4535379
36	eyJhbGciOiJIUzI1NiIsInR5cCI6IkpXVCJ9.eyJ0b2tlbl90eXBlIjoicmVmcmVzaCIsImV4cCI6MTcxNDgyNTMxOSwiaWF0IjoxNzEyMjMzMzE5LCJqdGkiOiJjN2Y2M2VkMTlhNGI0NTVjODBjYzU0NTVkODJhZjc1NCIsInVzZXJfaWQiOjF9.HoT13EZEAy4v-2u_AOhdCiPaLO8lIZaI6RQOayUijXw	2024-04-04 15:21:59.159743+03	2024-05-04 15:21:59+03	1	c7f63ed19a4b455c80cc5455d82af754
37	eyJhbGciOiJIUzI1NiIsInR5cCI6IkpXVCJ9.eyJ0b2tlbl90eXBlIjoicmVmcmVzaCIsImV4cCI6MTcxNDgyNTgyNiwiaWF0IjoxNzEyMjMzODI2LCJqdGkiOiI0YTdmN2Q4YTAxYzM0MjU2YTY0MmMwNzk3ZTJhNWU4MSIsInVzZXJfaWQiOjF9.Vi4PN2ybj1FWMvSI9uUFgeWK5tyATgx8O9aWTcOIQ1w	2024-04-04 15:30:26.205563+03	2024-05-04 15:30:26+03	1	4a7f7d8a01c34256a642c0797e2a5e81
38	eyJhbGciOiJIUzI1NiIsInR5cCI6IkpXVCJ9.eyJ0b2tlbl90eXBlIjoicmVmcmVzaCIsImV4cCI6MTcxNDgyNTk4MiwiaWF0IjoxNzEyMjMzOTgyLCJqdGkiOiIyY2YwNWFhOTkyMDQ0OWNmOGM4YzJiZjY5YTUzMTI1OCIsInVzZXJfaWQiOjF9.7LcPVyYhIC_v5XR_SUmJ6dxUG2N3Wm5Her9NZ6NpNkw	2024-04-04 15:33:02.571383+03	2024-05-04 15:33:02+03	1	2cf05aa9920449cf8c8c2bf69a531258
39	eyJhbGciOiJIUzI1NiIsInR5cCI6IkpXVCJ9.eyJ0b2tlbl90eXBlIjoicmVmcmVzaCIsImV4cCI6MTcxNDgyNjM0OCwiaWF0IjoxNzEyMjM0MzQ4LCJqdGkiOiI3ZTk4OWM2NTY1ZjE0ODY4OTE4MjJlNGNlY2EzNzg3ZSIsInVzZXJfaWQiOjF9.oP9r8nlUO6onelHWKlPR7VcPM7XL5iNTi04Ch8SSN-Q	2024-04-04 15:39:08.498807+03	2024-05-04 15:39:08+03	1	7e989c6565f1486891822e4ceca3787e
40	eyJhbGciOiJIUzI1NiIsInR5cCI6IkpXVCJ9.eyJ0b2tlbl90eXBlIjoicmVmcmVzaCIsImV4cCI6MTcxNDgyNzA3MywiaWF0IjoxNzEyMjM1MDczLCJqdGkiOiI1ODk3YTYwNDA3Y2U0YjE0YjU2OTdhMDhkNmJkMjY2ZiIsInVzZXJfaWQiOjF9.uvGmdmH5g6lU3sCmUBxbBO23XtllbXESb2aS3Owu1po	2024-04-04 15:51:13.398644+03	2024-05-04 15:51:13+03	1	5897a60407ce4b14b5697a08d6bd266f
41	eyJhbGciOiJIUzI1NiIsInR5cCI6IkpXVCJ9.eyJ0b2tlbl90eXBlIjoicmVmcmVzaCIsImV4cCI6MTcxNDgyNzMzMywiaWF0IjoxNzEyMjM1MzMzLCJqdGkiOiJiN2MyNDRiODVhMjg0NDllYTI1ZjFjYjBlOWQzMzE3OSIsInVzZXJfaWQiOjF9.27fh38yyc-lSSzLkP11NX4vRY721Nc324EPzFuKDH30	2024-04-04 15:55:33.390453+03	2024-05-04 15:55:33+03	1	b7c244b85a28449ea25f1cb0e9d33179
42	eyJhbGciOiJIUzI1NiIsInR5cCI6IkpXVCJ9.eyJ0b2tlbl90eXBlIjoicmVmcmVzaCIsImV4cCI6MTcxNDgyNzQ0MywiaWF0IjoxNzEyMjM1NDQzLCJqdGkiOiIyZTE2Mzk1YTliNmE0OTljOGEwMzFkNzFmZjQ0MjUwNSIsInVzZXJfaWQiOjF9.7e5Ak0aLrSUu0X2TiKp-nbgVh6-HlFbRK-th9pxvv9A	2024-04-04 15:57:23.178456+03	2024-05-04 15:57:23+03	1	2e16395a9b6a499c8a031d71ff442505
43	eyJhbGciOiJIUzI1NiIsInR5cCI6IkpXVCJ9.eyJ0b2tlbl90eXBlIjoicmVmcmVzaCIsImV4cCI6MTcxNDgyODc4MCwiaWF0IjoxNzEyMjM2NzgwLCJqdGkiOiJhY2RiMTgyNTJiNzU0MGY2YTU3NGNkY2ZmOGVjYmY5MyIsInVzZXJfaWQiOjF9.AiuEIU42bhzgCBs_PlfIn5cJZKjAxfEsSpz3XD9BhiY	2024-04-04 16:19:40.487892+03	2024-05-04 16:19:40+03	1	acdb18252b7540f6a574cdcff8ecbf93
44	eyJhbGciOiJIUzI1NiIsInR5cCI6IkpXVCJ9.eyJ0b2tlbl90eXBlIjoicmVmcmVzaCIsImV4cCI6MTcxNDgyODgwOCwiaWF0IjoxNzEyMjM2ODA4LCJqdGkiOiJhZmJhMTJkYjVjMDE0MGMyOWViY2IxZGVmM2FkZmIxMCIsInVzZXJfaWQiOjF9.evrNdIFWfWFl1SWZrFNGzz2FfmMMu53CPEuWhRn_AmQ	2024-04-04 16:20:08.388939+03	2024-05-04 16:20:08+03	1	afba12db5c0140c29ebcb1def3adfb10
45	eyJhbGciOiJIUzI1NiIsInR5cCI6IkpXVCJ9.eyJ0b2tlbl90eXBlIjoicmVmcmVzaCIsImV4cCI6MTcxNDgzMDczMCwiaWF0IjoxNzEyMjM4NzMwLCJqdGkiOiIwNTc1OTVkNDYzYTE0Mzg4OWYwMjE0Y2YxODkxMDQwNCIsInVzZXJfaWQiOjF9.TpFea8mMg9Dlw_-naG3jDjgcuZefQ7z2ODwpRThcvKw	2024-04-04 16:52:10.450432+03	2024-05-04 16:52:10+03	1	057595d463a143889f0214cf18910404
46	eyJhbGciOiJIUzI1NiIsInR5cCI6IkpXVCJ9.eyJ0b2tlbl90eXBlIjoicmVmcmVzaCIsImV4cCI6MTcxNDgzMTIxNSwiaWF0IjoxNzEyMjM5MjE1LCJqdGkiOiJkNmY0YmVmMWVjOTY0NjAxYTRkZDdkZjExMzc4OGYyNyIsInVzZXJfaWQiOjF9.rjqUiGVPEVauM9AiJBkvljyjbuGJZwEINlpkLSw-yWc	2024-04-04 17:00:15.128288+03	2024-05-04 17:00:15+03	1	d6f4bef1ec964601a4dd7df113788f27
47	eyJhbGciOiJIUzI1NiIsInR5cCI6IkpXVCJ9.eyJ0b2tlbl90eXBlIjoicmVmcmVzaCIsImV4cCI6MTcxNDgzMTU3MSwiaWF0IjoxNzEyMjM5NTcxLCJqdGkiOiIyM2FkYzYyZmYwOGI0YjQ5OWVhYzA2ZDIyMGQ0NTZkMCIsInVzZXJfaWQiOjF9.d7swQCxE8AcvJ8DbLNL_Ej0QRhGvZ9H6G3FvvlVXmhA	2024-04-04 17:06:11.20805+03	2024-05-04 17:06:11+03	1	23adc62ff08b4b499eac06d220d456d0
48	eyJhbGciOiJIUzI1NiIsInR5cCI6IkpXVCJ9.eyJ0b2tlbl90eXBlIjoicmVmcmVzaCIsImV4cCI6MTcxNDgzNTI1OCwiaWF0IjoxNzEyMjQzMjU4LCJqdGkiOiI1Yzk0Y2I1ODNkNmM0OTNkODkxNTQ5Mjk5YTdiYTVmYiIsInVzZXJfaWQiOjF9.cmmkj7mOFDvGgo91u-I9NiH8pC-ftBbv3wH0Df0xu48	2024-04-04 18:07:38.907824+03	2024-05-04 18:07:38+03	1	5c94cb583d6c493d891549299a7ba5fb
49	eyJhbGciOiJIUzI1NiIsInR5cCI6IkpXVCJ9.eyJ0b2tlbl90eXBlIjoicmVmcmVzaCIsImV4cCI6MTcxNDgzNTQ1NSwiaWF0IjoxNzEyMjQzNDU1LCJqdGkiOiJjYWE5MGZmMTZiNDI0MDBhOWFlNTI0ZjczZTA0YTY2YiIsInVzZXJfaWQiOjF9.p5rD32ISiZ0Okm8C73JrNilznSY5L2fsn1GCIP72V6I	2024-04-04 18:10:55.01712+03	2024-05-04 18:10:55+03	1	caa90ff16b42400a9ae524f73e04a66b
50	eyJhbGciOiJIUzI1NiIsInR5cCI6IkpXVCJ9.eyJ0b2tlbl90eXBlIjoicmVmcmVzaCIsImV4cCI6MTcxNDgzNTU1NCwiaWF0IjoxNzEyMjQzNTU0LCJqdGkiOiJiNThiNjU4NGY0MWQ0N2VkODdjNGY0ZjJhMGM1MzM5MSIsInVzZXJfaWQiOjF9.4YpS_kgS84GB3iruMgcBKPFECBghexOTZjftfyX9h5g	2024-04-04 18:12:34.613332+03	2024-05-04 18:12:34+03	1	b58b6584f41d47ed87c4f4f2a0c53391
51	eyJhbGciOiJIUzI1NiIsInR5cCI6IkpXVCJ9.eyJ0b2tlbl90eXBlIjoicmVmcmVzaCIsImV4cCI6MTcxNDkwMzAzMSwiaWF0IjoxNzEyMzExMDMxLCJqdGkiOiI1NzVmMjNmMmQ2N2M0YWQ1YTk0ZTcwMTBlNmM1YjBmYyIsInVzZXJfaWQiOjF9._jW9ZMiYpFBBbr1FRVKcpKcGiSALOwOrggHniZ8K9Qc	2024-04-05 12:57:11.784841+03	2024-05-05 12:57:11+03	1	575f23f2d67c4ad5a94e7010e6c5b0fc
52	eyJhbGciOiJIUzI1NiIsInR5cCI6IkpXVCJ9.eyJ0b2tlbl90eXBlIjoicmVmcmVzaCIsImV4cCI6MTcxNTE1MzkyMSwiaWF0IjoxNzEyNTYxOTIxLCJqdGkiOiIxYmU3OGI0OGUwNDc0ZWQ4OGI4ZmZkM2NkZjZjYTgyMSIsInVzZXJfaWQiOjF9.ZTeujhc2SLnFaeVnvFL-iMcTCCeQvGV2vWbRcLs-0K8	2024-04-08 10:38:41.278603+03	2024-05-08 10:38:41+03	1	1be78b48e0474ed88b8ffd3cdf6ca821
53	eyJhbGciOiJIUzI1NiIsInR5cCI6IkpXVCJ9.eyJ0b2tlbl90eXBlIjoicmVmcmVzaCIsImV4cCI6MTcxNTE1NDAzMCwiaWF0IjoxNzEyNTYyMDMwLCJqdGkiOiI5NWIxOGMzNzM3N2Y0OTVjYmI4NTg5ZTVhMGY1MTI5YyIsInVzZXJfaWQiOjF9.DTydPkK4n-3ti6yjFrFPRkRUN9kDG_yXrGB_Iwum0m0	2024-04-08 10:40:30.264472+03	2024-05-08 10:40:30+03	1	95b18c37377f495cbb8589e5a0f5129c
54	eyJhbGciOiJIUzI1NiIsInR5cCI6IkpXVCJ9.eyJ0b2tlbl90eXBlIjoicmVmcmVzaCIsImV4cCI6MTcxNTE1NTA2NCwiaWF0IjoxNzEyNTYzMDY0LCJqdGkiOiI1OGQ3MzY3MWJmMDA0YjViODZjMDcwNTllOGViM2FkNSIsInVzZXJfaWQiOjF9.RStYQu1LTF6XyoFPamBnfasW3-lNYpFjcHdCK876Swk	2024-04-08 10:57:44.81191+03	2024-05-08 10:57:44+03	1	58d73671bf004b5b86c07059e8eb3ad5
55	eyJhbGciOiJIUzI1NiIsInR5cCI6IkpXVCJ9.eyJ0b2tlbl90eXBlIjoicmVmcmVzaCIsImV4cCI6MTcxNTE1NTYxMiwiaWF0IjoxNzEyNTYzNjEyLCJqdGkiOiIyNWMwYmI5Yzc0NWQ0ZGM1ODkxMGIwMmZlMjdmMDg0MyIsInVzZXJfaWQiOjF9.Jjz8HNNkUtf8p8DZlyCi_TEdfJTRfDmhgxmnAp4LI6o	2024-04-08 11:06:52.007649+03	2024-05-08 11:06:52+03	1	25c0bb9c745d4dc58910b02fe27f0843
56	eyJhbGciOiJIUzI1NiIsInR5cCI6IkpXVCJ9.eyJ0b2tlbl90eXBlIjoicmVmcmVzaCIsImV4cCI6MTcxNTE1ODczNCwiaWF0IjoxNzEyNTY2NzM0LCJqdGkiOiI1OWFmMDRmNWU2MjE0NjNjOGY5NTdmNmNjNGU1ZGJhMyIsInVzZXJfaWQiOjF9.9jkKa6-Ovgzm8PNrkQIWiS9IVifpZaCffezhhEEZcvo	2024-04-08 11:58:54.726613+03	2024-05-08 11:58:54+03	1	59af04f5e621463c8f957f6cc4e5dba3
57	eyJhbGciOiJIUzI1NiIsInR5cCI6IkpXVCJ9.eyJ0b2tlbl90eXBlIjoicmVmcmVzaCIsImV4cCI6MTcxNTE1OTIwNCwiaWF0IjoxNzEyNTY3MjA0LCJqdGkiOiI1ZDE0NTk0NGQzNWM0Y2E0YjBiNzZmODIyYTAwNGJkNiIsInVzZXJfaWQiOjF9.l3yoJVmsut6MAvC238VkyZD2G_oXy72CJA8DJXq6Wec	2024-04-08 12:06:44.237506+03	2024-05-08 12:06:44+03	1	5d145944d35c4ca4b0b76f822a004bd6
58	eyJhbGciOiJIUzI1NiIsInR5cCI6IkpXVCJ9.eyJ0b2tlbl90eXBlIjoicmVmcmVzaCIsImV4cCI6MTcxNTE1OTk3MywiaWF0IjoxNzEyNTY3OTczLCJqdGkiOiJmYTM2ZWFjMTI1NWI0YWI5OTU4YjY3MjQ1YmQyZTdkZSIsInVzZXJfaWQiOjF9.8VoHxk6q8YpUKJvAMiYp-k4N-eHupELFubkb_-3QoC0	2024-04-08 12:19:33.462879+03	2024-05-08 12:19:33+03	1	fa36eac1255b4ab9958b67245bd2e7de
59	eyJhbGciOiJIUzI1NiIsInR5cCI6IkpXVCJ9.eyJ0b2tlbl90eXBlIjoicmVmcmVzaCIsImV4cCI6MTcxNTE1OTk5MCwiaWF0IjoxNzEyNTY3OTkwLCJqdGkiOiIxNzliYTA5NGMzZGQ0ZDliYjc1ZWFmNDBmNWUxNDk2ZCIsInVzZXJfaWQiOjF9.rsbEnVLJO1LAN1303-v5ly7eWtlwWCEY7orqY3WITSc	2024-04-08 12:19:50.350516+03	2024-05-08 12:19:50+03	1	179ba094c3dd4d9bb75eaf40f5e1496d
60	eyJhbGciOiJIUzI1NiIsInR5cCI6IkpXVCJ9.eyJ0b2tlbl90eXBlIjoicmVmcmVzaCIsImV4cCI6MTcxNTE2MzY3MiwiaWF0IjoxNzEyNTcxNjcyLCJqdGkiOiJkNGFhZjVkNTY0N2M0MjA1YWJmOGI2NTc2YmYwYWVkMSIsInVzZXJfaWQiOjF9.BmdRfp2tun81sCxzIBbOVIJoo8ay9WfbSq7s7o7R7-Q	2024-04-08 13:21:12.029567+03	2024-05-08 13:21:12+03	1	d4aaf5d5647c4205abf8b6576bf0aed1
61	eyJhbGciOiJIUzI1NiIsInR5cCI6IkpXVCJ9.eyJ0b2tlbl90eXBlIjoicmVmcmVzaCIsImV4cCI6MTcxNTE2NDE5NSwiaWF0IjoxNzEyNTcyMTk1LCJqdGkiOiI3YzMwM2Q4NGViOTI0ZmU2YWNmZTc5MWY2NGU0MjkyNCIsInVzZXJfaWQiOjF9.1SUrivDCpFqO5TudRYDozv3hjOyf2ZPaznUGc1TSIXs	2024-04-08 13:29:55.837718+03	2024-05-08 13:29:55+03	1	7c303d84eb924fe6acfe791f64e42924
62	eyJhbGciOiJIUzI1NiIsInR5cCI6IkpXVCJ9.eyJ0b2tlbl90eXBlIjoicmVmcmVzaCIsImV4cCI6MTcxNTE2NDI1MywiaWF0IjoxNzEyNTcyMjUzLCJqdGkiOiI0OTJlNmYwNTFjY2I0YzRkYTI2Njg0YzcxYzExNTg3YyIsInVzZXJfaWQiOjF9.udwKp_zraIgkflLajxbnNqIO_8HbJwZH2spc56zqa6o	2024-04-08 13:30:53.735933+03	2024-05-08 13:30:53+03	1	492e6f051ccb4c4da26684c71c11587c
63	eyJhbGciOiJIUzI1NiIsInR5cCI6IkpXVCJ9.eyJ0b2tlbl90eXBlIjoicmVmcmVzaCIsImV4cCI6MTcxNTE2NTkzNSwiaWF0IjoxNzEyNTczOTM1LCJqdGkiOiJiNmQ2M2MxOTY5NGI0MGNlYjJjOTgzMmVhMTY5ZDAzZSIsInVzZXJfaWQiOjF9.4aJ0IDk3-Dm8gkkSKkwuzJpsXi8R-G8bDUHKz1i2TJs	2024-04-08 13:58:55.261837+03	2024-05-08 13:58:55+03	1	b6d63c19694b40ceb2c9832ea169d03e
64	eyJhbGciOiJIUzI1NiIsInR5cCI6IkpXVCJ9.eyJ0b2tlbl90eXBlIjoicmVmcmVzaCIsImV4cCI6MTcxNTE2NjEyMywiaWF0IjoxNzEyNTc0MTIzLCJqdGkiOiI1MzRmMTgxYzEwODM0MWE3OTI4ZTEyY2I1YmM5N2I0NSIsInVzZXJfaWQiOjF9.VCqFEJa4oumvTeMvqdZiZmv6bX7gFD-c1HMgpefiBMg	2024-04-08 14:02:03.366595+03	2024-05-08 14:02:03+03	1	534f181c108341a7928e12cb5bc97b45
65	eyJhbGciOiJIUzI1NiIsInR5cCI6IkpXVCJ9.eyJ0b2tlbl90eXBlIjoicmVmcmVzaCIsImV4cCI6MTcxNTE2OTQ2MSwiaWF0IjoxNzEyNTc3NDYxLCJqdGkiOiI3ODQ5MzcwZmRiMGE0NzllYmFhMDFmMGY3MTFhZTdiZCIsInVzZXJfaWQiOjF9.0oKKSLkH7A5YGrQHaNe_lNPAQ4tYWaIkscwkQFvwzKg	2024-04-08 14:57:41.308759+03	2024-05-08 14:57:41+03	1	7849370fdb0a479ebaa01f0f711ae7bd
66	eyJhbGciOiJIUzI1NiIsInR5cCI6IkpXVCJ9.eyJ0b2tlbl90eXBlIjoicmVmcmVzaCIsImV4cCI6MTcxNTE3NDYxMSwiaWF0IjoxNzEyNTgyNjExLCJqdGkiOiJiNTUyYmI2NDgxZTU0NWZmOGQyMTA5NDU1Y2I2ZjAzYSIsInVzZXJfaWQiOjF9.kZ7Ct6a4YtZp7w8DN4bnmDtQAdKgnX2Qcg3vznwbKoQ	2024-04-08 16:23:31.88553+03	2024-05-08 16:23:31+03	1	b552bb6481e545ff8d2109455cb6f03a
67	eyJhbGciOiJIUzI1NiIsInR5cCI6IkpXVCJ9.eyJ0b2tlbl90eXBlIjoicmVmcmVzaCIsImV4cCI6MTcxNTE3NjQ0MiwiaWF0IjoxNzEyNTg0NDQyLCJqdGkiOiIyZWQ2MjY0NzNjZTY0OGE3OTk4NmVmZGVkMjQyZWUxMyIsInVzZXJfaWQiOjF9.vE8BfKwUhjE7vUUvBgerXe9TiN4TUxiQrGNuRi3ZhtM	2024-04-08 16:54:02.068022+03	2024-05-08 16:54:02+03	1	2ed626473ce648a79986efded242ee13
68	eyJhbGciOiJIUzI1NiIsInR5cCI6IkpXVCJ9.eyJ0b2tlbl90eXBlIjoicmVmcmVzaCIsImV4cCI6MTcxNTE3NjU3MCwiaWF0IjoxNzEyNTg0NTcwLCJqdGkiOiIwMmE4NjU3MDk0MmM0ZWVlOTEyMWY4NDNhN2ZkMTc3ZiIsInVzZXJfaWQiOjF9.XUQcnYQMxxrPn0r4q7t6fvA2fEUoJlmQAs6r9FoRaY8	2024-04-08 16:56:10.99138+03	2024-05-08 16:56:10+03	1	02a86570942c4eee9121f843a7fd177f
69	eyJhbGciOiJIUzI1NiIsInR5cCI6IkpXVCJ9.eyJ0b2tlbl90eXBlIjoicmVmcmVzaCIsImV4cCI6MTcxNTE3NjY2NiwiaWF0IjoxNzEyNTg0NjY2LCJqdGkiOiJkNTA2MThkMWRkZDA0ZGZkYmFhZTI0NzlmYzNmMzhmZiIsInVzZXJfaWQiOjF9.OCgGfExTZR6RO348Bgz3l7R9RLTfPfW8xNOT19YoXuk	2024-04-08 16:57:46.243962+03	2024-05-08 16:57:46+03	1	d50618d1ddd04dfdbaae2479fc3f38ff
70	eyJhbGciOiJIUzI1NiIsInR5cCI6IkpXVCJ9.eyJ0b2tlbl90eXBlIjoicmVmcmVzaCIsImV4cCI6MTcxNTE3NjcyNywiaWF0IjoxNzEyNTg0NzI3LCJqdGkiOiJlZTc1OTZmZmY5MmM0ZmYyODA2ZDg5NTk4YTliMTM0YSIsInVzZXJfaWQiOjF9.Z4XE3M6t3loXKp6e7-IAu5yOAT8H-R9GPSBB9b1kdYA	2024-04-08 16:58:47.752935+03	2024-05-08 16:58:47+03	1	ee7596fff92c4ff2806d89598a9b134a
71	eyJhbGciOiJIUzI1NiIsInR5cCI6IkpXVCJ9.eyJ0b2tlbl90eXBlIjoicmVmcmVzaCIsImV4cCI6MTcxNTE3Njg4OSwiaWF0IjoxNzEyNTg0ODg5LCJqdGkiOiI4NzBiY2UxOWI0NWU0ZTYzOGMyYmQ3ZjUzMjFkY2JiNSIsInVzZXJfaWQiOjF9.ZQH6q26BZ87v6GWONIL3g8cg-1x52NiOUKSq0-eQALM	2024-04-08 17:01:29.067062+03	2024-05-08 17:01:29+03	1	870bce19b45e4e638c2bd7f5321dcbb5
72	eyJhbGciOiJIUzI1NiIsInR5cCI6IkpXVCJ9.eyJ0b2tlbl90eXBlIjoicmVmcmVzaCIsImV4cCI6MTcxNTE3NzAwNiwiaWF0IjoxNzEyNTg1MDA2LCJqdGkiOiI0Yjg3MDUzZjVlOGU0MGRjYjU3ZWE2OTJhZTEyNDFmYyIsInVzZXJfaWQiOjF9.4jwImYNNWs9Z3O_2IQyvqIXd1GrrmDfAgQBPrkWLPUQ	2024-04-08 17:03:26.43589+03	2024-05-08 17:03:26+03	1	4b87053f5e8e40dcb57ea692ae1241fc
73	eyJhbGciOiJIUzI1NiIsInR5cCI6IkpXVCJ9.eyJ0b2tlbl90eXBlIjoicmVmcmVzaCIsImV4cCI6MTcxNTE3NzM0MywiaWF0IjoxNzEyNTg1MzQzLCJqdGkiOiI4NDIzYWY0ZTNlODY0MTZkYTg5YTc1ODM2ZmU0M2NlNSIsInVzZXJfaWQiOjF9.OmnirXp99mDWAMJSdhHDdMn3eksiLmzEsBNx0MXGm6I	2024-04-08 17:09:03.248347+03	2024-05-08 17:09:03+03	1	8423af4e3e86416da89a75836fe43ce5
74	eyJhbGciOiJIUzI1NiIsInR5cCI6IkpXVCJ9.eyJ0b2tlbl90eXBlIjoicmVmcmVzaCIsImV4cCI6MTcxNTE3NzQ2MCwiaWF0IjoxNzEyNTg1NDYwLCJqdGkiOiJjOTg3OTY2YjI0OWM0ZjMyODIxNDcwMWY4Nzc4NThjNCIsInVzZXJfaWQiOjF9.kJzpcinM8W_TTfdG0AnAftpcm3KWdE156tQLMJa73-8	2024-04-08 17:11:00.041556+03	2024-05-08 17:11:00+03	1	c987966b249c4f328214701f877858c4
75	eyJhbGciOiJIUzI1NiIsInR5cCI6IkpXVCJ9.eyJ0b2tlbl90eXBlIjoicmVmcmVzaCIsImV4cCI6MTcxNTE3NzUyNiwiaWF0IjoxNzEyNTg1NTI2LCJqdGkiOiJkMjA0YjlkZTE0YmE0NjMwODQwNmFlNDA5MzU0OTk5OCIsInVzZXJfaWQiOjF9.7culcDJpn_y55o6LmrBJAvD3LMBUhZEq2_uGMJ5nuI8	2024-04-08 17:12:06.862044+03	2024-05-08 17:12:06+03	1	d204b9de14ba46308406ae4093549998
76	eyJhbGciOiJIUzI1NiIsInR5cCI6IkpXVCJ9.eyJ0b2tlbl90eXBlIjoicmVmcmVzaCIsImV4cCI6MTcxNTE3Nzg3MywiaWF0IjoxNzEyNTg1ODczLCJqdGkiOiIwNDczMmQ3NTRkNDE0NGVlOTczYzQ3MmI5NDkzY2RkNCIsInVzZXJfaWQiOjF9.JItAVVEFOlyikfqmpRepYzv40lBdGkdnc6XblDQyIR0	2024-04-08 17:17:53.522697+03	2024-05-08 17:17:53+03	1	04732d754d4144ee973c472b9493cdd4
77	eyJhbGciOiJIUzI1NiIsInR5cCI6IkpXVCJ9.eyJ0b2tlbl90eXBlIjoicmVmcmVzaCIsImV4cCI6MTcxNTE3NzkxNSwiaWF0IjoxNzEyNTg1OTE1LCJqdGkiOiIwODcyZTU3OGI1NWU0YmQ1YTEwNmQ4NWQzZjU5MGFhMSIsInVzZXJfaWQiOjF9.dDK3c_C5y0zaLFu6h25mJ-d6YKjxx9rM1K_OJYoshD4	2024-04-08 17:18:35.650145+03	2024-05-08 17:18:35+03	1	0872e578b55e4bd5a106d85d3f590aa1
78	eyJhbGciOiJIUzI1NiIsInR5cCI6IkpXVCJ9.eyJ0b2tlbl90eXBlIjoicmVmcmVzaCIsImV4cCI6MTcxNTE3ODEzMiwiaWF0IjoxNzEyNTg2MTMyLCJqdGkiOiJhZTJmMWIwYjk1YjQ0YjUwOTZjY2QzYTBjODljZmFlYyIsInVzZXJfaWQiOjF9.MFiUp5VNX28oBcTE-VUj_IjaHswiogpif2pi7Ik4ISk	2024-04-08 17:22:12.105888+03	2024-05-08 17:22:12+03	1	ae2f1b0b95b44b5096ccd3a0c89cfaec
79	eyJhbGciOiJIUzI1NiIsInR5cCI6IkpXVCJ9.eyJ0b2tlbl90eXBlIjoicmVmcmVzaCIsImV4cCI6MTcxNTE3ODE4MSwiaWF0IjoxNzEyNTg2MTgxLCJqdGkiOiIxZmI0YjcyYjdmZTQ0ZGI0ODljMjIxZjJkNzdkY2FmNiIsInVzZXJfaWQiOjF9.olU4HJWpuNv7Bg9FCgq5xfNsjIhyZq0vA9ZQcnZpbBc	2024-04-08 17:23:01.905873+03	2024-05-08 17:23:01+03	1	1fb4b72b7fe44db489c221f2d77dcaf6
80	eyJhbGciOiJIUzI1NiIsInR5cCI6IkpXVCJ9.eyJ0b2tlbl90eXBlIjoicmVmcmVzaCIsImV4cCI6MTcxNTE3ODQwNCwiaWF0IjoxNzEyNTg2NDA0LCJqdGkiOiI2MGVhYzhlYTY1MzU0ZTFkYjI0MmI5MjdmODU5MGIzZiIsInVzZXJfaWQiOjF9.nk2284NH7EeiS41iyOsM_WC8oZlXK_Kn87hKCEvFras	2024-04-08 17:26:44.011472+03	2024-05-08 17:26:44+03	1	60eac8ea65354e1db242b927f8590b3f
81	eyJhbGciOiJIUzI1NiIsInR5cCI6IkpXVCJ9.eyJ0b2tlbl90eXBlIjoicmVmcmVzaCIsImV4cCI6MTcxNTE4MzM2MiwiaWF0IjoxNzEyNTkxMzYyLCJqdGkiOiJhZjEyMDRhMzU0YWU0OTY2ODYxZmFjMjQ2MDdiNGQ4MCIsInVzZXJfaWQiOjF9.xs55qv2VPRjmbTVTQXrw4uPEvufemOitu8mXVJxjrAk	2024-04-08 18:49:22.271883+03	2024-05-08 18:49:22+03	1	af1204a354ae4966861fac24607b4d80
82	eyJhbGciOiJIUzI1NiIsInR5cCI6IkpXVCJ9.eyJ0b2tlbl90eXBlIjoicmVmcmVzaCIsImV4cCI6MTcxNTIzODk2NywiaWF0IjoxNzEyNjQ2OTY3LCJqdGkiOiI5MzM2NDlkZTIwMzA0Y2JlOWIwNjA1MGVhOTA0OWMxMSIsInVzZXJfaWQiOjF9.SWotkNhPWuLDUN1CxmJG8Lf4E9FwhFyOfqKn3oVmnFQ	2024-04-09 10:16:07.763156+03	2024-05-09 10:16:07+03	1	933649de20304cbe9b06050ea9049c11
83	eyJhbGciOiJIUzI1NiIsInR5cCI6IkpXVCJ9.eyJ0b2tlbl90eXBlIjoicmVmcmVzaCIsImV4cCI6MTcxNTI0MzEyNiwiaWF0IjoxNzEyNjUxMTI2LCJqdGkiOiI5MTZlMjVkZTA2YzE0ODNlOTExMWNmZDc1OGVmZmQ4NyIsInVzZXJfaWQiOjF9.GHuTnEk-WKMpmkh7QGks6iQW2MYsr3DswN9E2FuBo4Y	2024-04-09 11:25:26.894514+03	2024-05-09 11:25:26+03	1	916e25de06c1483e9111cfd758effd87
84	eyJhbGciOiJIUzI1NiIsInR5cCI6IkpXVCJ9.eyJ0b2tlbl90eXBlIjoicmVmcmVzaCIsImV4cCI6MTcxNTI0NDIzMiwiaWF0IjoxNzEyNjUyMjMyLCJqdGkiOiJmMjMwZDg4NTY3OTc0MWJjOTBkYTRmNDk4ZWEwMjA5MiIsInVzZXJfaWQiOjF9.6P5ilwMUj_818Hjrnq-FhldQJp-nap660_Z679MxvC4	2024-04-09 11:43:52.093478+03	2024-05-09 11:43:52+03	1	f230d885679741bc90da4f498ea02092
85	eyJhbGciOiJIUzI1NiIsInR5cCI6IkpXVCJ9.eyJ0b2tlbl90eXBlIjoicmVmcmVzaCIsImV4cCI6MTcxNTI0NDM2OCwiaWF0IjoxNzEyNjUyMzY4LCJqdGkiOiI0NWZjNGQ0MGIzN2I0YzliYTAxOTU1MWYyMmRiY2I0ZCIsInVzZXJfaWQiOjF9.p-gK35FOOQ-efe-jNsDBvOGd_e6qDGAxJ2k05zRZkx0	2024-04-09 11:46:08.175309+03	2024-05-09 11:46:08+03	1	45fc4d40b37b4c9ba019551f22dbcb4d
86	eyJhbGciOiJIUzI1NiIsInR5cCI6IkpXVCJ9.eyJ0b2tlbl90eXBlIjoicmVmcmVzaCIsImV4cCI6MTcxNTI0NDQ4MCwiaWF0IjoxNzEyNjUyNDgwLCJqdGkiOiIzZDNlNjA5NGQwMzM0NmE5YjJhZWI1NzEyNjhhMjBiMCIsInVzZXJfaWQiOjF9.7qkxN1zhaBVuuHeQC6Pl9WkMHpRNVUELxR9NnHMMNVY	2024-04-09 11:48:00.409266+03	2024-05-09 11:48:00+03	1	3d3e6094d03346a9b2aeb571268a20b0
87	eyJhbGciOiJIUzI1NiIsInR5cCI6IkpXVCJ9.eyJ0b2tlbl90eXBlIjoicmVmcmVzaCIsImV4cCI6MTcxNTI0NDY3OCwiaWF0IjoxNzEyNjUyNjc4LCJqdGkiOiJjOTFiNmE2YTIzM2M0Y2VkODQwY2MwM2Q2MDJmNGNjZiIsInVzZXJfaWQiOjF9.6BZ-0anQAFH6QCxfYZDMz1xsZv6R9B0VflwvL3DmSn0	2024-04-09 11:51:18.39612+03	2024-05-09 11:51:18+03	1	c91b6a6a233c4ced840cc03d602f4ccf
88	eyJhbGciOiJIUzI1NiIsInR5cCI6IkpXVCJ9.eyJ0b2tlbl90eXBlIjoicmVmcmVzaCIsImV4cCI6MTcxNTM0Mjg1OCwiaWF0IjoxNzEyNzUwODU4LCJqdGkiOiJlZTdhMzA2NTM0MDM0MTc5YmQ0YWQ4NDI4YzhlODE1YyIsInVzZXJfaWQiOjF9.YOjciDgxOxj-4hg1iFDt_ONb1WhbAqEBqsMjnjhQkjo	2024-04-10 15:07:38.969535+03	2024-05-10 15:07:38+03	1	ee7a306534034179bd4ad8428c8e815c
89	eyJhbGciOiJIUzI1NiIsInR5cCI6IkpXVCJ9.eyJ0b2tlbl90eXBlIjoicmVmcmVzaCIsImV4cCI6MTcxNTM0MzEyNywiaWF0IjoxNzEyNzUxMTI3LCJqdGkiOiJhNjgyOGIxNDlhYzI0NzcwYTVhNzc1ZDk0MWY4ZWMzNCIsInVzZXJfaWQiOjF9.ieT2yODjA8DJHKBtdZSHolcxklU4MeFfsfc3oZrj3C0	2024-04-10 15:12:07.023638+03	2024-05-10 15:12:07+03	1	a6828b149ac24770a5a775d941f8ec34
90	eyJhbGciOiJIUzI1NiIsInR5cCI6IkpXVCJ9.eyJ0b2tlbl90eXBlIjoicmVmcmVzaCIsImV4cCI6MTcxNTM0NDAzMSwiaWF0IjoxNzEyNzUyMDMxLCJqdGkiOiJjNTJlNjY5NWJkNmM0NTkzOGYxZGMwOGVkMTc3YzhkOSIsInVzZXJfaWQiOjF9.39NeUQy8z9b1X0Z_4HYeqqYlhvxdJd5AVuHoeG7Zylo	2024-04-10 15:27:11.575431+03	2024-05-10 15:27:11+03	1	c52e6695bd6c45938f1dc08ed177c8d9
91	eyJhbGciOiJIUzI1NiIsInR5cCI6IkpXVCJ9.eyJ0b2tlbl90eXBlIjoicmVmcmVzaCIsImV4cCI6MTcxNTM0NDYwMiwiaWF0IjoxNzEyNzUyNjAyLCJqdGkiOiI1NjgyZTk1M2YwNWI0NmZmOGFhOGFkZjdiZmE3YjgyZSIsInVzZXJfaWQiOjF9.RsSmGhQx6Yhq5316XKsKkcH5F7VWsD0mU6mEti_C3lU	2024-04-10 15:36:42.709699+03	2024-05-10 15:36:42+03	1	5682e953f05b46ff8aa8adf7bfa7b82e
92	eyJhbGciOiJIUzI1NiIsInR5cCI6IkpXVCJ9.eyJ0b2tlbl90eXBlIjoicmVmcmVzaCIsImV4cCI6MTcxNTM0NTM0MywiaWF0IjoxNzEyNzUzMzQzLCJqdGkiOiJiZjMwMTY4YzA0MWQ0ODNhOGY3N2RjNzhhZWMzZjQyNiIsInVzZXJfaWQiOjF9.kfubN65YZHSRTVr8FaPtu4hjjgMqwbbg_3GAlNFqngQ	2024-04-10 15:49:03.186552+03	2024-05-10 15:49:03+03	1	bf30168c041d483a8f77dc78aec3f426
93	eyJhbGciOiJIUzI1NiIsInR5cCI6IkpXVCJ9.eyJ0b2tlbl90eXBlIjoicmVmcmVzaCIsImV4cCI6MTcxNTM0NTUwMiwiaWF0IjoxNzEyNzUzNTAyLCJqdGkiOiI5OTA0Y2YzNDA4YTM0NGMwOTJkZjg3NWMzMmY1MmRlMyIsInVzZXJfaWQiOjF9.mrHT8XqZOJxZnaa8CubZg0v3atWQ7pVuPfe_k48tyfw	2024-04-10 15:51:42.115462+03	2024-05-10 15:51:42+03	1	9904cf3408a344c092df875c32f52de3
94	eyJhbGciOiJIUzI1NiIsInR5cCI6IkpXVCJ9.eyJ0b2tlbl90eXBlIjoicmVmcmVzaCIsImV4cCI6MTcxNTM0NzQ3NiwiaWF0IjoxNzEyNzU1NDc2LCJqdGkiOiIzZDBmZjExMjViMWE0YTc1OGI0ZTExNDhhZDI4MTQyNCIsInVzZXJfaWQiOjF9.laB-_gNO78I_G0BvqE0yGyFYytaUTPdHmAIluXsGiJA	2024-04-10 16:24:36.952309+03	2024-05-10 16:24:36+03	1	3d0ff1125b1a4a758b4e1148ad281424
95	eyJhbGciOiJIUzI1NiIsInR5cCI6IkpXVCJ9.eyJ0b2tlbl90eXBlIjoicmVmcmVzaCIsImV4cCI6MTcxNTQxMzUwMCwiaWF0IjoxNzEyODIxNTAwLCJqdGkiOiI0YmIzZjJkMWQ3NTY0OGUxODA4MTRhZjFmZGFiOTEyYSIsInVzZXJfaWQiOjF9.RAq2s1u82nxcz1bQ7tI4qfXPnosL4Hnp8RRPSDcgU0s	2024-04-11 10:45:00.771648+03	2024-05-11 10:45:00+03	1	4bb3f2d1d75648e180814af1fdab912a
96	eyJhbGciOiJIUzI1NiIsInR5cCI6IkpXVCJ9.eyJ0b2tlbl90eXBlIjoicmVmcmVzaCIsImV4cCI6MTcxNTQxNDU2NiwiaWF0IjoxNzEyODIyNTY2LCJqdGkiOiJhZDAwYjJhMzVjZDY0Mjg3ODI0ODJmYjY2NDZiM2RjYiIsInVzZXJfaWQiOjF9.92aTXPUwX_SIIeu8A12GQ_V7T27KsBYmhc1O3LEpEZ0	2024-04-11 11:02:46.091371+03	2024-05-11 11:02:46+03	1	ad00b2a35cd6428782482fb6646b3dcb
97	eyJhbGciOiJIUzI1NiIsInR5cCI6IkpXVCJ9.eyJ0b2tlbl90eXBlIjoicmVmcmVzaCIsImV4cCI6MTcxNTQxNTE0MiwiaWF0IjoxNzEyODIzMTQyLCJqdGkiOiI4OTlhODljMDQ1NDM0OWM3OGRjMmIwNWQ5YTgyNGIyNSIsInVzZXJfaWQiOjF9.qxsbXisrllPEBsdGCevP5no7aRQCHiIJy3PoSsjFx9g	2024-04-11 11:12:22.667238+03	2024-05-11 11:12:22+03	1	899a89c0454349c78dc2b05d9a824b25
98	eyJhbGciOiJIUzI1NiIsInR5cCI6IkpXVCJ9.eyJ0b2tlbl90eXBlIjoicmVmcmVzaCIsImV4cCI6MTcxNTQxNjMxNiwiaWF0IjoxNzEyODI0MzE2LCJqdGkiOiI0ZTc5N2UzOGIyMjI0ODFiYTUzN2VjMjY3NTMxZTMxNSIsInVzZXJfaWQiOjF9._G4zgUfqAcogQ6elejGBa6M50xedGz2oNtEAehk-Gl8	2024-04-11 11:31:56.26939+03	2024-05-11 11:31:56+03	1	4e797e38b222481ba537ec267531e315
99	eyJhbGciOiJIUzI1NiIsInR5cCI6IkpXVCJ9.eyJ0b2tlbl90eXBlIjoicmVmcmVzaCIsImV4cCI6MTcxNTQxNzI1NSwiaWF0IjoxNzEyODI1MjU1LCJqdGkiOiIyNzY1MGY0ZTYxMjY0NzAwODU5ZWEyZGI0OTI4YTA3ZCIsInVzZXJfaWQiOjF9.wk6fh25lyETu6pTh1DCxj1XYxYiEYS7DZvM4fnbDwrc	2024-04-11 11:47:35.398589+03	2024-05-11 11:47:35+03	1	27650f4e61264700859ea2db4928a07d
100	eyJhbGciOiJIUzI1NiIsInR5cCI6IkpXVCJ9.eyJ0b2tlbl90eXBlIjoicmVmcmVzaCIsImV4cCI6MTcxNTQxNzQxMywiaWF0IjoxNzEyODI1NDEzLCJqdGkiOiI4NmNiMjFmYWQ3NTE0OWJlOWE0M2QxYmVkNzdjNWI0NyIsInVzZXJfaWQiOjF9.6uY_oNReg4iR3m9vo8BdFzBKm8Ew6_39RkXsAJOYnSI	2024-04-11 11:50:13.41984+03	2024-05-11 11:50:13+03	1	86cb21fad75149be9a43d1bed77c5b47
101	eyJhbGciOiJIUzI1NiIsInR5cCI6IkpXVCJ9.eyJ0b2tlbl90eXBlIjoicmVmcmVzaCIsImV4cCI6MTcxNTQyNTIyMCwiaWF0IjoxNzEyODMzMjIwLCJqdGkiOiJhMWQxOTRjYzIyMDI0N2JhODEyYTY4YmMwZTBiZGJhNCIsInVzZXJfaWQiOjF9.bdI01VIiZc0WAW5htr-z1lOvFFr13S3vQhB5ErmJnKs	2024-04-11 14:00:20.197654+03	2024-05-11 14:00:20+03	1	a1d194cc220247ba812a68bc0e0bdba4
102	eyJhbGciOiJIUzI1NiIsInR5cCI6IkpXVCJ9.eyJ0b2tlbl90eXBlIjoicmVmcmVzaCIsImV4cCI6MTcxNTQyNTQyMSwiaWF0IjoxNzEyODMzNDIxLCJqdGkiOiIyMDZkM2MyYmYwZDE0MGU4OTdiOTg2MDdjYjFiZDkyNSIsInVzZXJfaWQiOjF9.cciiA8goskzZ5zLiDmjj3niMn8KwpFD9cPkzg2e8VBY	2024-04-11 14:03:41.151848+03	2024-05-11 14:03:41+03	1	206d3c2bf0d140e897b98607cb1bd925
103	eyJhbGciOiJIUzI1NiIsInR5cCI6IkpXVCJ9.eyJ0b2tlbl90eXBlIjoicmVmcmVzaCIsImV4cCI6MTcxNTQyNzcxMCwiaWF0IjoxNzEyODM1NzEwLCJqdGkiOiJhN2M5ZDllZmVmZjg0M2VjODk4MjU5YTk1NDQwYTg1MSIsInVzZXJfaWQiOjF9.MrpxrEoG_wMD4Iw3dbj3nagDxpj8r4pzcIYoe3QVPUw	2024-04-11 14:41:50.929929+03	2024-05-11 14:41:50+03	1	a7c9d9efeff843ec898259a95440a851
104	eyJhbGciOiJIUzI1NiIsInR5cCI6IkpXVCJ9.eyJ0b2tlbl90eXBlIjoicmVmcmVzaCIsImV4cCI6MTcxNTQyODI5OCwiaWF0IjoxNzEyODM2Mjk4LCJqdGkiOiJmYTg3YzUwYzk3YTY0ZDY0OWFlM2RmNDBiN2JkNjM5OCIsInVzZXJfaWQiOjF9.IjSCFLncTLdtT8liX_U0YUCvG5GVe_nvDhDuZP5B1a0	2024-04-11 14:51:38.713374+03	2024-05-11 14:51:38+03	1	fa87c50c97a64d649ae3df40b7bd6398
105	eyJhbGciOiJIUzI1NiIsInR5cCI6IkpXVCJ9.eyJ0b2tlbl90eXBlIjoicmVmcmVzaCIsImV4cCI6MTcxNTQyODM2MSwiaWF0IjoxNzEyODM2MzYxLCJqdGkiOiJhY2Y2OTk2NWY3NTY0MTUzYTEwMjhlZTIxOWJkMTIxYSIsInVzZXJfaWQiOjF9.xsaZhx6vYz9xOHfSPrEX4hMdNy97s2NJRx5jJTPT0r4	2024-04-11 14:52:41.692344+03	2024-05-11 14:52:41+03	1	acf69965f7564153a1028ee219bd121a
106	eyJhbGciOiJIUzI1NiIsInR5cCI6IkpXVCJ9.eyJ0b2tlbl90eXBlIjoicmVmcmVzaCIsImV4cCI6MTcxNTQyOTI0OSwiaWF0IjoxNzEyODM3MjQ5LCJqdGkiOiJkNWM3MjA3NDAwZTg0ZjZlYmE0OGQ5NzdjZjY2ZDI2ZSIsInVzZXJfaWQiOjF9.X30CwZnKNCwqxMKexF638F77fzKAH_R_qr_P3uBNPUM	2024-04-11 15:07:29.2475+03	2024-05-11 15:07:29+03	1	d5c7207400e84f6eba48d977cf66d26e
107	eyJhbGciOiJIUzI1NiIsInR5cCI6IkpXVCJ9.eyJ0b2tlbl90eXBlIjoicmVmcmVzaCIsImV4cCI6MTcxNTQyOTU3NCwiaWF0IjoxNzEyODM3NTc0LCJqdGkiOiI1ZWQzMzg0ZGQ0M2E0Y2ViYjJkYzdmNjQ2Yzc2MTcxYyIsInVzZXJfaWQiOjF9.nfnJRblg1e-i4zU8tzA6QtKt1u1aa898SYV2ZhKpryo	2024-04-11 15:12:54.915082+03	2024-05-11 15:12:54+03	1	5ed3384dd43a4cebb2dc7f646c76171c
108	eyJhbGciOiJIUzI1NiIsInR5cCI6IkpXVCJ9.eyJ0b2tlbl90eXBlIjoicmVmcmVzaCIsImV4cCI6MTcxNTQzMzM0NCwiaWF0IjoxNzEyODQxMzQ0LCJqdGkiOiIyZDUzZTUxYTExNzE0ODA1YmNmMjZkZGUyNDNmYTljNCIsInVzZXJfaWQiOjF9.c_w7FB3b0-W3bJPChkmZ8RPo0FYT6lMKB01li7A51RQ	2024-04-11 16:15:44.876525+03	2024-05-11 16:15:44+03	1	2d53e51a11714805bcf26dde243fa9c4
109	eyJhbGciOiJIUzI1NiIsInR5cCI6IkpXVCJ9.eyJ0b2tlbl90eXBlIjoicmVmcmVzaCIsImV4cCI6MTcxNTQzNTcwMCwiaWF0IjoxNzEyODQzNzAwLCJqdGkiOiIwZDA5ZmE2OTRmMDk0ZWEyYTEyY2UzMWRiYmI2M2RlZiIsInVzZXJfaWQiOjF9.HS6uDIoR1dU7J7QNanNuT6r9ZfkKF9qrhx84uJfdzNk	2024-04-11 16:55:00.689177+03	2024-05-11 16:55:00+03	1	0d09fa694f094ea2a12ce31dbbb63def
110	eyJhbGciOiJIUzI1NiIsInR5cCI6IkpXVCJ9.eyJ0b2tlbl90eXBlIjoicmVmcmVzaCIsImV4cCI6MTcxNTQzNzE3NSwiaWF0IjoxNzEyODQ1MTc1LCJqdGkiOiI1YzIzMDk3ZGU2ZTM0Y2FkOWUxOWYxMGVjYmFlMTIwNCIsInVzZXJfaWQiOjF9.ZbmwpA36XfVhkwtNoWSDnYya-OUZAhdy3C01PEHLzqs	2024-04-11 17:19:35.612218+03	2024-05-11 17:19:35+03	1	5c23097de6e34cad9e19f10ecbae1204
111	eyJhbGciOiJIUzI1NiIsInR5cCI6IkpXVCJ9.eyJ0b2tlbl90eXBlIjoicmVmcmVzaCIsImV4cCI6MTcxNTQzNzI2MSwiaWF0IjoxNzEyODQ1MjYxLCJqdGkiOiJhNjViOTdkNzllOWU0OGJhYmVhMTZlOGZmOTBiNmEyNSIsInVzZXJfaWQiOjF9.gMEavP5Db74DalU4uvnI6mA0DT6fJ7eCYhxggu2awcw	2024-04-11 17:21:01.224597+03	2024-05-11 17:21:01+03	1	a65b97d79e9e48babea16e8ff90b6a25
112	eyJhbGciOiJIUzI1NiIsInR5cCI6IkpXVCJ9.eyJ0b2tlbl90eXBlIjoicmVmcmVzaCIsImV4cCI6MTcxNTQzNzcwMSwiaWF0IjoxNzEyODQ1NzAxLCJqdGkiOiI5N2M5NGE2OWY5ZWM0NDZhYjM4MDg1NzAwMzI4ZjkxZiIsInVzZXJfaWQiOjF9.RUBlg6xO_LoDBU5Ci_ImLwYswt-uUc8VRKg60USnvAE	2024-04-11 17:28:21.547363+03	2024-05-11 17:28:21+03	1	97c94a69f9ec446ab38085700328f91f
113	eyJhbGciOiJIUzI1NiIsInR5cCI6IkpXVCJ9.eyJ0b2tlbl90eXBlIjoicmVmcmVzaCIsImV4cCI6MTcxNTQzODA2MCwiaWF0IjoxNzEyODQ2MDYwLCJqdGkiOiIzZDM3NDEwMDgzYjY0Yjc3ODU5OWQ4NzUyNjA2MjNkYyIsInVzZXJfaWQiOjF9.9YXu2nENVI0dVDSUacwtJjE8Uf6OlROz8MXo7lV0lWQ	2024-04-11 17:34:20.949905+03	2024-05-11 17:34:20+03	1	3d37410083b64b778599d875260623dc
114	eyJhbGciOiJIUzI1NiIsInR5cCI6IkpXVCJ9.eyJ0b2tlbl90eXBlIjoicmVmcmVzaCIsImV4cCI6MTcxNTQzODI2MSwiaWF0IjoxNzEyODQ2MjYxLCJqdGkiOiJmOTI0Y2ZjZGM1MjM0Yzc5OTNiZDk5MjFjMDg5NDJiOSIsInVzZXJfaWQiOjF9.pmDkABslrX6fyRZn79Hgl-TvbWom8z2T2ShhTu5ia9E	2024-04-11 17:37:41.212907+03	2024-05-11 17:37:41+03	1	f924cfcdc5234c7993bd9921c08942b9
115	eyJhbGciOiJIUzI1NiIsInR5cCI6IkpXVCJ9.eyJ0b2tlbl90eXBlIjoicmVmcmVzaCIsImV4cCI6MTcxNTQzODUwNiwiaWF0IjoxNzEyODQ2NTA2LCJqdGkiOiI1Y2U4ZjA5ZTNmZDg0N2I2YjE3NTA3NWMzYWM1MmQ5MiIsInVzZXJfaWQiOjF9.ROd9Tc7XngaBewz-DkJTjQ5aU-A66PyFj0aRTmnbwlk	2024-04-11 17:41:46.787742+03	2024-05-11 17:41:46+03	1	5ce8f09e3fd847b6b175075c3ac52d92
116	eyJhbGciOiJIUzI1NiIsInR5cCI6IkpXVCJ9.eyJ0b2tlbl90eXBlIjoicmVmcmVzaCIsImV4cCI6MTcxNTQzODg4OCwiaWF0IjoxNzEyODQ2ODg4LCJqdGkiOiIyMGRjMjcxZjA2ZWE0MzcyOTU3NGIxNDIzZDMzMzk4OCIsInVzZXJfaWQiOjF9.ML6LE-h8yfz4BQYmXWYUSyWGnC05-VVggFvk08aEYA8	2024-04-11 17:48:08.512885+03	2024-05-11 17:48:08+03	1	20dc271f06ea43729574b1423d333988
117	eyJhbGciOiJIUzI1NiIsInR5cCI6IkpXVCJ9.eyJ0b2tlbl90eXBlIjoicmVmcmVzaCIsImV4cCI6MTcxNTQzOTEyOCwiaWF0IjoxNzEyODQ3MTI4LCJqdGkiOiJkMDA3Y2FjYjMyNGE0NDJjOWJiN2I3Y2Y0MTRiYzllOSIsInVzZXJfaWQiOjF9.dSh5WmnDcXQPDNEEAW5KIT28c0uRKbVenCsbhr7oUIQ	2024-04-11 17:52:08.774825+03	2024-05-11 17:52:08+03	1	d007cacb324a442c9bb7b7cf414bc9e9
118	eyJhbGciOiJIUzI1NiIsInR5cCI6IkpXVCJ9.eyJ0b2tlbl90eXBlIjoicmVmcmVzaCIsImV4cCI6MTcxNTQzOTIzNywiaWF0IjoxNzEyODQ3MjM3LCJqdGkiOiI4MTA0MDNhN2Y3ZTA0Zjg2OTZiOGU4YWEwNGMxNzkwOCIsInVzZXJfaWQiOjF9.LPNFr6qy7SsiuT406nqCfA-XD9cfbnFHJo2mp8iQb0Q	2024-04-11 17:53:57.704784+03	2024-05-11 17:53:57+03	1	810403a7f7e04f8696b8e8aa04c17908
119	eyJhbGciOiJIUzI1NiIsInR5cCI6IkpXVCJ9.eyJ0b2tlbl90eXBlIjoicmVmcmVzaCIsImV4cCI6MTcxNTQzOTgzNiwiaWF0IjoxNzEyODQ3ODM2LCJqdGkiOiI1ZDE3NTY4YjM3ZWM0ZmFkYThhYjM4NzM0NzUxN2VlMiIsInVzZXJfaWQiOjF9.MyZm3Co22tJ_uoKL8L6dW-1wgl5WVSVdlFB7a6g_OvY	2024-04-11 18:03:56.794628+03	2024-05-11 18:03:56+03	1	5d17568b37ec4fada8ab387347517ee2
120	eyJhbGciOiJIUzI1NiIsInR5cCI6IkpXVCJ9.eyJ0b2tlbl90eXBlIjoicmVmcmVzaCIsImV4cCI6MTcxNTQzOTk4NCwiaWF0IjoxNzEyODQ3OTg0LCJqdGkiOiIwNjBlYzhmY2Y0NWM0NGI5YmM2Y2MyMDdlNGY2NGIyNyIsInVzZXJfaWQiOjF9.NvrNVC-zBel1zSX7-fT4z9g6tboqGQVXv5-no5l6Z9M	2024-04-11 18:06:24.46471+03	2024-05-11 18:06:24+03	1	060ec8fcf45c44b9bc6cc207e4f64b27
121	eyJhbGciOiJIUzI1NiIsInR5cCI6IkpXVCJ9.eyJ0b2tlbl90eXBlIjoicmVmcmVzaCIsImV4cCI6MTcxNTQ0MDA2MiwiaWF0IjoxNzEyODQ4MDYyLCJqdGkiOiJmNzZkNzMyYWVmNjA0OTMyYTc0ZDJhOWZlYzc1NzE5OSIsInVzZXJfaWQiOjF9.696VC4RRSaAZ_qrvlop2ATyd1cEqghVBbXh8y7rRzz0	2024-04-11 18:07:42.712316+03	2024-05-11 18:07:42+03	1	f76d732aef604932a74d2a9fec757199
122	eyJhbGciOiJIUzI1NiIsInR5cCI6IkpXVCJ9.eyJ0b2tlbl90eXBlIjoicmVmcmVzaCIsImV4cCI6MTcxNTQ0MDMxMCwiaWF0IjoxNzEyODQ4MzEwLCJqdGkiOiJlOWYwMWFmNmFmMDM0NjcwYjVjODRkOWY4ZWNjMDJlYSIsInVzZXJfaWQiOjF9.NWdio9ERLj_apOr5ektwN03DmPhXW0bhSyyizPui-6U	2024-04-11 18:11:50.754836+03	2024-05-11 18:11:50+03	1	e9f01af6af034670b5c84d9f8ecc02ea
123	eyJhbGciOiJIUzI1NiIsInR5cCI6IkpXVCJ9.eyJ0b2tlbl90eXBlIjoicmVmcmVzaCIsImV4cCI6MTcxNTQ0MDM2NiwiaWF0IjoxNzEyODQ4MzY2LCJqdGkiOiI4MjVjYzdmOWRiNTI0NzVkYjM2YThiMjU1NWRkODZhNSIsInVzZXJfaWQiOjF9.25WnDLAssG-z-oMJNnD7myIjmjWm-4FVwpA9H7M66uE	2024-04-11 18:12:46.127562+03	2024-05-11 18:12:46+03	1	825cc7f9db52475db36a8b2555dd86a5
124	eyJhbGciOiJIUzI1NiIsInR5cCI6IkpXVCJ9.eyJ0b2tlbl90eXBlIjoicmVmcmVzaCIsImV4cCI6MTcxNTQ5NDUyNSwiaWF0IjoxNzEyOTAyNTI1LCJqdGkiOiI0OTY5NDhhYmZhZGM0NjRhYWRlMDAwNTlmZDFkMmE1YyIsInVzZXJfaWQiOjF9.Z0RCCGcGm-Yer1oNTCndy0Gxc5PA3sziEbz0thWamrI	2024-04-12 09:15:25.014408+03	2024-05-12 09:15:25+03	1	496948abfadc464aade00059fd1d2a5c
125	eyJhbGciOiJIUzI1NiIsInR5cCI6IkpXVCJ9.eyJ0b2tlbl90eXBlIjoicmVmcmVzaCIsImV4cCI6MTcxNTQ5ODk4NCwiaWF0IjoxNzEyOTA2OTg0LCJqdGkiOiI1Y2E3M2NkNTNhODU0ZjU5YjIyNWE0ZGNlNWE3ZjNmZSIsInVzZXJfaWQiOjF9.__lKXxjD2XbBySH8qYIgCp_aPlJk7g7stgEeCjrhKgY	2024-04-12 10:29:44.221534+03	2024-05-12 10:29:44+03	1	5ca73cd53a854f59b225a4dce5a7f3fe
126	eyJhbGciOiJIUzI1NiIsInR5cCI6IkpXVCJ9.eyJ0b2tlbl90eXBlIjoicmVmcmVzaCIsImV4cCI6MTcxNTQ5OTA0MSwiaWF0IjoxNzEyOTA3MDQxLCJqdGkiOiJkY2U0NDA5OWU3OTk0OGE5YWUzZTFjMzg4YWMyYWExMiIsInVzZXJfaWQiOjF9.q5fLqDoN1IaltNsQBQQ74TPuJR442zUGfo3Amg-vbDk	2024-04-12 10:30:41.950455+03	2024-05-12 10:30:41+03	1	dce44099e79948a9ae3e1c388ac2aa12
127	eyJhbGciOiJIUzI1NiIsInR5cCI6IkpXVCJ9.eyJ0b2tlbl90eXBlIjoicmVmcmVzaCIsImV4cCI6MTcxNTQ5OTA3MCwiaWF0IjoxNzEyOTA3MDcwLCJqdGkiOiIzNGVkNmI2OGU2YTM0OWNkOGZjOGUzMjRjODM0NjM3ZSIsInVzZXJfaWQiOjF9.mwoRXEbCAi3KJQjyggFE434RhCdBc-Z972Q9q2Rtxzc	2024-04-12 10:31:10.643347+03	2024-05-12 10:31:10+03	1	34ed6b68e6a349cd8fc8e324c834637e
128	eyJhbGciOiJIUzI1NiIsInR5cCI6IkpXVCJ9.eyJ0b2tlbl90eXBlIjoicmVmcmVzaCIsImV4cCI6MTcxNTQ5OTExNCwiaWF0IjoxNzEyOTA3MTE0LCJqdGkiOiIzODFhNDIzZTkyY2Y0ZjkwYTBkZTk4MjgyYjNiMDc1OCIsInVzZXJfaWQiOjF9.H1qIkKRIz8zq9zkE4X83q1fStU8adAHUINMCPyZqgpk	2024-04-12 10:31:54.851632+03	2024-05-12 10:31:54+03	1	381a423e92cf4f90a0de98282b3b0758
129	eyJhbGciOiJIUzI1NiIsInR5cCI6IkpXVCJ9.eyJ0b2tlbl90eXBlIjoicmVmcmVzaCIsImV4cCI6MTcxNTQ5OTIyOCwiaWF0IjoxNzEyOTA3MjI4LCJqdGkiOiI2NGZiZTA4YjA4YjU0MzFiYjYwYjYwM2ExN2ViY2YwYSIsInVzZXJfaWQiOjF9.9sQyQJC5BdokK-yzaTrGGnHrEXxlFttTghJjUK_NVos	2024-04-12 10:33:48.296003+03	2024-05-12 10:33:48+03	1	64fbe08b08b5431bb60b603a17ebcf0a
130	eyJhbGciOiJIUzI1NiIsInR5cCI6IkpXVCJ9.eyJ0b2tlbl90eXBlIjoicmVmcmVzaCIsImV4cCI6MTcxNTQ5OTU5OSwiaWF0IjoxNzEyOTA3NTk5LCJqdGkiOiI0NTBkZjM4OTM2MmU0NTk1OGNlOTRmODBlNmNlOWJhMyIsInVzZXJfaWQiOjF9.f7B9zZBXFmoK34qUg_uL0XBoxFTi0sbutJMC5jahvhw	2024-04-12 10:39:59.656291+03	2024-05-12 10:39:59+03	1	450df389362e45958ce94f80e6ce9ba3
131	eyJhbGciOiJIUzI1NiIsInR5cCI6IkpXVCJ9.eyJ0b2tlbl90eXBlIjoicmVmcmVzaCIsImV4cCI6MTcxNTQ5OTgwOSwiaWF0IjoxNzEyOTA3ODA5LCJqdGkiOiJiZDc0MWUzZTQzYjQ0ZjIyOTIyN2E2MDVlYTAyODhiMCIsInVzZXJfaWQiOjF9.97-WNhDR0rhX42DrqpZwxXHwFQS4xYt7drnl2L-82rg	2024-04-12 10:43:29.162948+03	2024-05-12 10:43:29+03	1	bd741e3e43b44f229227a605ea0288b0
132	eyJhbGciOiJIUzI1NiIsInR5cCI6IkpXVCJ9.eyJ0b2tlbl90eXBlIjoicmVmcmVzaCIsImV4cCI6MTcxNTUwMDkwNCwiaWF0IjoxNzEyOTA4OTA0LCJqdGkiOiJhZmU4ODcyODVjZTY0OTA4ODBkMDlhNDVjMzhiOWJjYiIsInVzZXJfaWQiOjF9.QXcf-2xgcNEdTe_j4UrMv9rsakwJJBL9yd7iLrqvuBo	2024-04-12 11:01:44.661618+03	2024-05-12 11:01:44+03	1	afe887285ce6490880d09a45c38b9bcb
133	eyJhbGciOiJIUzI1NiIsInR5cCI6IkpXVCJ9.eyJ0b2tlbl90eXBlIjoicmVmcmVzaCIsImV4cCI6MTcxNTUwMTY2MiwiaWF0IjoxNzEyOTA5NjYyLCJqdGkiOiJjNmQ5ODhiZWJlYTk0ZWY5OTBlYjdmMDIxMWQ2ZTQwMyIsInVzZXJfaWQiOjF9.cdSycUyQAtFt2Z24Q5Ua6fioaJ_YvAoJXah-FPNoeSs	2024-04-12 11:14:22.371087+03	2024-05-12 11:14:22+03	1	c6d988bebea94ef990eb7f0211d6e403
134	eyJhbGciOiJIUzI1NiIsInR5cCI6IkpXVCJ9.eyJ0b2tlbl90eXBlIjoicmVmcmVzaCIsImV4cCI6MTcxNTUwNDgxMSwiaWF0IjoxNzEyOTEyODExLCJqdGkiOiIxMTU5OWFiMTg1MmM0YzVkYmYyZjkwZDY1MGEwNGQwOSIsInVzZXJfaWQiOjF9.3KYJZnC0MF2bCqCY6bv5IjLxRsu9934WJDaneASY71w	2024-04-12 12:06:51.224399+03	2024-05-12 12:06:51+03	1	11599ab1852c4c5dbf2f90d650a04d09
135	eyJhbGciOiJIUzI1NiIsInR5cCI6IkpXVCJ9.eyJ0b2tlbl90eXBlIjoicmVmcmVzaCIsImV4cCI6MTcxNTUwNTMwNiwiaWF0IjoxNzEyOTEzMzA2LCJqdGkiOiI5Y2E5ODkxNTliNjE0ZGM5OGNhNzRkNTIyZGQ0MjVjYiIsInVzZXJfaWQiOjF9.H6X2vqmbczzK1zhqIO1I1Yxe54d3XUE210hLotoEjRM	2024-04-12 12:15:06.506545+03	2024-05-12 12:15:06+03	1	9ca989159b614dc98ca74d522dd425cb
136	eyJhbGciOiJIUzI1NiIsInR5cCI6IkpXVCJ9.eyJ0b2tlbl90eXBlIjoicmVmcmVzaCIsImV4cCI6MTcxNTUwNjEzMiwiaWF0IjoxNzEyOTE0MTMyLCJqdGkiOiJlYjlkMTQ3YjNmMmQ0ZTU3OTEzMGVkZjRhOTUwNWE0NyIsInVzZXJfaWQiOjF9.2JzQC7ojiayFc7tXl0OQmVS4XX2CPbLlswPFxZagE5c	2024-04-12 12:28:52.211431+03	2024-05-12 12:28:52+03	1	eb9d147b3f2d4e579130edf4a9505a47
137	eyJhbGciOiJIUzI1NiIsInR5cCI6IkpXVCJ9.eyJ0b2tlbl90eXBlIjoicmVmcmVzaCIsImV4cCI6MTcxNTUwNjI4NiwiaWF0IjoxNzEyOTE0Mjg2LCJqdGkiOiIwMDY1MzA3ZjE1ZDc0ZDI0YWM0Mzg0NzM1ZDhiOGI1NyIsInVzZXJfaWQiOjF9.tPIA6i1SAKN9eP4lwiooIMQfbTdjHCXKlKqYfsH1NX0	2024-04-12 12:31:26.034894+03	2024-05-12 12:31:26+03	1	0065307f15d74d24ac4384735d8b8b57
138	eyJhbGciOiJIUzI1NiIsInR5cCI6IkpXVCJ9.eyJ0b2tlbl90eXBlIjoicmVmcmVzaCIsImV4cCI6MTcxNTUwNjU1OSwiaWF0IjoxNzEyOTE0NTU5LCJqdGkiOiIwYTY3NWM3MWQ3MGY0NTAwYmIwOGQ1NTYyZGVmMjU1YiIsInVzZXJfaWQiOjF9.fuw2zXSLuyt1n2lzuX6psOz1YVJEvqSkjCDqilssnY0	2024-04-12 12:35:59.931208+03	2024-05-12 12:35:59+03	1	0a675c71d70f4500bb08d5562def255b
139	eyJhbGciOiJIUzI1NiIsInR5cCI6IkpXVCJ9.eyJ0b2tlbl90eXBlIjoicmVmcmVzaCIsImV4cCI6MTcxNTkzMjMwOSwiaWF0IjoxNzEzMzQwMzA5LCJqdGkiOiIzZDRkMzUyNWQ4NWU0M2MzOWFjMjE4NTVhNWVjMmNhMyIsInVzZXJfaWQiOjF9.UIoPJN1e7iDzZ4xaDLLNjpWzHPAkJY9ynhvVU3rtfMk	2024-04-17 10:51:49.316325+03	2024-05-17 10:51:49+03	1	3d4d3525d85e43c39ac21855a5ec2ca3
140	eyJhbGciOiJIUzI1NiIsInR5cCI6IkpXVCJ9.eyJ0b2tlbl90eXBlIjoicmVmcmVzaCIsImV4cCI6MTcxNTkzMjU1MSwiaWF0IjoxNzEzMzQwNTUxLCJqdGkiOiJlZjliOTg4NDU3YTk0NWIwYjA5YzAxZTg1MzExODczYiIsInVzZXJfaWQiOjF9.y-7tZ94LnoSalm2xBTPMfbasdkODYwQzyoo5Cc36B0w	2024-04-17 10:55:51.239644+03	2024-05-17 10:55:51+03	1	ef9b988457a945b0b09c01e85311873b
141	eyJhbGciOiJIUzI1NiIsInR5cCI6IkpXVCJ9.eyJ0b2tlbl90eXBlIjoicmVmcmVzaCIsImV4cCI6MTcxNTkzMjY3MCwiaWF0IjoxNzEzMzQwNjcwLCJqdGkiOiI3Mzg2NGJjMGNmZjk0YjE0YThhMTJhN2U5Y2JhZTljZiIsInVzZXJfaWQiOjF9.IuZA0cdpWxr96v071KC1vR-RfqkiCDoZBidwIwp6RCI	2024-04-17 10:57:50.900337+03	2024-05-17 10:57:50+03	1	73864bc0cff94b14a8a12a7e9cbae9cf
142	eyJhbGciOiJIUzI1NiIsInR5cCI6IkpXVCJ9.eyJ0b2tlbl90eXBlIjoicmVmcmVzaCIsImV4cCI6MTcxNTkzMjgwMSwiaWF0IjoxNzEzMzQwODAxLCJqdGkiOiI3ZGY0Yjc1NTY5MTc0MzIxOTBhZGQwNzhmYWQ0YTUzNSIsInVzZXJfaWQiOjF9.JLD7R9AswvZCmS0JXw3b6KE9YzE5az-bzZKwrUSJ3vY	2024-04-17 11:00:01.698437+03	2024-05-17 11:00:01+03	1	7df4b7556917432190add078fad4a535
143	eyJhbGciOiJIUzI1NiIsInR5cCI6IkpXVCJ9.eyJ0b2tlbl90eXBlIjoicmVmcmVzaCIsImV4cCI6MTcxNTkzMjkwOSwiaWF0IjoxNzEzMzQwOTA5LCJqdGkiOiI4NWMyOWRjYmM4YTI0YTIwOWQwODdmMGE2OWZlNTIxZSIsInVzZXJfaWQiOjF9.kDdjAVmWNBH0PgqADwlgvDv2x966NXFKkHdreKWbJUk	2024-04-17 11:01:49.887622+03	2024-05-17 11:01:49+03	1	85c29dcbc8a24a209d087f0a69fe521e
144	eyJhbGciOiJIUzI1NiIsInR5cCI6IkpXVCJ9.eyJ0b2tlbl90eXBlIjoicmVmcmVzaCIsImV4cCI6MTcxNTkzMzIxNCwiaWF0IjoxNzEzMzQxMjE0LCJqdGkiOiIxZjM5ZmJkYjhmZjg0OGJmYmZhNjkyOTIyODFkODI4NiIsInVzZXJfaWQiOjF9.E7jaklbXY3lsbT_15P1WZKh0z3NlTmskTUFSApQvGBI	2024-04-17 11:06:54.328378+03	2024-05-17 11:06:54+03	1	1f39fbdb8ff848bfbfa69292281d8286
145	eyJhbGciOiJIUzI1NiIsInR5cCI6IkpXVCJ9.eyJ0b2tlbl90eXBlIjoicmVmcmVzaCIsImV4cCI6MTcxNTkzMzg5NywiaWF0IjoxNzEzMzQxODk3LCJqdGkiOiJmMTY3ZjA1NDkxMmQ0YWJjOWJiNDYzNzQ4OWZiODgzYiIsInVzZXJfaWQiOjF9.1T3lE0obV28Zrlryy-1ASN9KXM6E4JUQ9WocH3XdMcA	2024-04-17 11:18:17.727359+03	2024-05-17 11:18:17+03	1	f167f054912d4abc9bb4637489fb883b
146	eyJhbGciOiJIUzI1NiIsInR5cCI6IkpXVCJ9.eyJ0b2tlbl90eXBlIjoicmVmcmVzaCIsImV4cCI6MTcxNTkzNDEyMSwiaWF0IjoxNzEzMzQyMTIxLCJqdGkiOiI0YjNkOTIzMTk0ZGI0ZTk5YjJkOGY2NjhhZTlhOTMwZiIsInVzZXJfaWQiOjF9.CDLTqeL5FxLoVfjCJqGmraS6WJe8G8HLTk1StaJiStM	2024-04-17 11:22:01.674847+03	2024-05-17 11:22:01+03	1	4b3d923194db4e99b2d8f668ae9a930f
147	eyJhbGciOiJIUzI1NiIsInR5cCI6IkpXVCJ9.eyJ0b2tlbl90eXBlIjoicmVmcmVzaCIsImV4cCI6MTcxNTkzNDM4MCwiaWF0IjoxNzEzMzQyMzgwLCJqdGkiOiI1YjhiZDhkZDY5NTE0NTA0OTc4ZTgxZGNmNTM2NTFmOSIsInVzZXJfaWQiOjF9.b42XMxqG_pF6Cnzxb37z0xNnJKnio-eDG-3LIfC5Ca4	2024-04-17 11:26:20.622025+03	2024-05-17 11:26:20+03	1	5b8bd8dd69514504978e81dcf53651f9
148	eyJhbGciOiJIUzI1NiIsInR5cCI6IkpXVCJ9.eyJ0b2tlbl90eXBlIjoicmVmcmVzaCIsImV4cCI6MTcxNTkzNDk0OSwiaWF0IjoxNzEzMzQyOTQ5LCJqdGkiOiJmMTQ2OGZmY2U1ZTY0ODkwOTU2ZTg5OTIwZWNmODdiMCIsInVzZXJfaWQiOjF9.tFGY_zeL84up9oZjF1XJNuY-eNJvn7_RA1o_5FNpj3o	2024-04-17 11:35:49.095094+03	2024-05-17 11:35:49+03	1	f1468ffce5e64890956e89920ecf87b0
149	eyJhbGciOiJIUzI1NiIsInR5cCI6IkpXVCJ9.eyJ0b2tlbl90eXBlIjoicmVmcmVzaCIsImV4cCI6MTcxNTkzNTA3MSwiaWF0IjoxNzEzMzQzMDcxLCJqdGkiOiIwNjE1ODI3MWJlZjc0MzYxYmY0ZjdhN2I4ZmZjNjMwMCIsInVzZXJfaWQiOjF9.v66nm9fQF85ZhXAnWkcKa0TAXmiY6kYlKcqWZAG5Mvw	2024-04-17 11:37:51.013911+03	2024-05-17 11:37:51+03	1	06158271bef74361bf4f7a7b8ffc6300
150	eyJhbGciOiJIUzI1NiIsInR5cCI6IkpXVCJ9.eyJ0b2tlbl90eXBlIjoicmVmcmVzaCIsImV4cCI6MTcxNTkzNTIwMSwiaWF0IjoxNzEzMzQzMjAxLCJqdGkiOiJhOGNhMzU5ZmIxYjE0MDQ2YWI0NDllYzQwZmQ1ZDFhYSIsInVzZXJfaWQiOjF9.uw3TNjZaBLljrQJLtbWRunX2qa0M2i2LJQY-d4HIcI4	2024-04-17 11:40:01.226592+03	2024-05-17 11:40:01+03	1	a8ca359fb1b14046ab449ec40fd5d1aa
151	eyJhbGciOiJIUzI1NiIsInR5cCI6IkpXVCJ9.eyJ0b2tlbl90eXBlIjoicmVmcmVzaCIsImV4cCI6MTcxNTk0NjAyNSwiaWF0IjoxNzEzMzU0MDI1LCJqdGkiOiI3MzdmM2EwZThhYmY0ZTU0YjMwMzA4OWExNjY5OTVlNCIsInVzZXJfaWQiOjF9.ZzrtV0Bi9WAS5e3u0qAB0X-tnqJITJigrlL2l-nOkj4	2024-04-17 14:40:25.828678+03	2024-05-17 14:40:25+03	1	737f3a0e8abf4e54b303089a166995e4
152	eyJhbGciOiJIUzI1NiIsInR5cCI6IkpXVCJ9.eyJ0b2tlbl90eXBlIjoicmVmcmVzaCIsImV4cCI6MTcxNTk0NjgzMCwiaWF0IjoxNzEzMzU0ODMwLCJqdGkiOiIzM2U0MDk2ZDYwNzc0NmNkOWU1ZjJiMTI0N2NhMjFmMiIsInVzZXJfaWQiOjEyfQ.GXLt_Fkq9HR0xL-4i5v2KF6DeiZ-EjLlcqbWRMrRuhQ	2024-04-17 14:53:50.358387+03	2024-05-17 14:53:50+03	12	33e4096d607746cd9e5f2b1247ca21f2
153	eyJhbGciOiJIUzI1NiIsInR5cCI6IkpXVCJ9.eyJ0b2tlbl90eXBlIjoicmVmcmVzaCIsImV4cCI6MTcxNTk0NzE1MiwiaWF0IjoxNzEzMzU1MTUyLCJqdGkiOiI0YTc4YmQzMWZkYjQ0NTJkYTA2YjU0NGQzNjc5OTU5NyIsInVzZXJfaWQiOjEyfQ.iKhGOa9Al5qzPuzCo0kN4dAjqOOITuu-CWeeU_ZFVv4	2024-04-17 14:59:12.197835+03	2024-05-17 14:59:12+03	12	4a78bd31fdb4452da06b544d36799597
154	eyJhbGciOiJIUzI1NiIsInR5cCI6IkpXVCJ9.eyJ0b2tlbl90eXBlIjoicmVmcmVzaCIsImV4cCI6MTcxNTk0OTA5OSwiaWF0IjoxNzEzMzU3MDk5LCJqdGkiOiJiZDFlY2E3YmI4MGY0MmIxOTM4NjA1YTAwMjM4MzQyNCIsInVzZXJfaWQiOjE2fQ.3XHTCdLvqhqkHzkOPYdLrieH9TBxlMsnuqeabkbO_P8	2024-04-17 15:31:39.624616+03	2024-05-17 15:31:39+03	16	bd1eca7bb80f42b1938605a002383424
155	eyJhbGciOiJIUzI1NiIsInR5cCI6IkpXVCJ9.eyJ0b2tlbl90eXBlIjoicmVmcmVzaCIsImV4cCI6MTcxNTk0OTc1NSwiaWF0IjoxNzEzMzU3NzU1LCJqdGkiOiI1MTA5ZTFmN2EyZjg0YjczOWE5MjhhMzJhNzExYzgyNSIsInVzZXJfaWQiOjE2fQ.gt7yaK_KwfnRvv9YJGmYYI1kOLcFwLQEWYlXpJBIAtQ	2024-04-17 15:42:35.417541+03	2024-05-17 15:42:35+03	16	5109e1f7a2f84b739a928a32a711c825
156	eyJhbGciOiJIUzI1NiIsInR5cCI6IkpXVCJ9.eyJ0b2tlbl90eXBlIjoicmVmcmVzaCIsImV4cCI6MTcxNjAxMzM0MCwiaWF0IjoxNzEzNDIxMzQwLCJqdGkiOiI4ZTU5MjRkODM1ZGM0YzhjODFkNWM1ZmNlZGYyZTk5YSIsInVzZXJfaWQiOjF9._giicHLuKx86cjtoKKylgwDNWxMvvijfynpG0fneNOo	2024-04-18 09:22:20.329291+03	2024-05-18 09:22:20+03	1	8e5924d835dc4c8c81d5c5fcedf2e99a
157	eyJhbGciOiJIUzI1NiIsInR5cCI6IkpXVCJ9.eyJ0b2tlbl90eXBlIjoicmVmcmVzaCIsImV4cCI6MTcxNjAxMzM3OCwiaWF0IjoxNzEzNDIxMzc4LCJqdGkiOiI1YWY0MDlmMDRjMmE0NDdiYjE0YmQxYTIyNjU5Njk4MCIsInVzZXJfaWQiOjE2fQ.41egZCCCml5YEdcOose0RYP2Vlebj5ZN3XqR3VWOsbA	2024-04-18 09:22:58.368627+03	2024-05-18 09:22:58+03	16	5af409f04c2a447bb14bd1a226596980
158	eyJhbGciOiJIUzI1NiIsInR5cCI6IkpXVCJ9.eyJ0b2tlbl90eXBlIjoicmVmcmVzaCIsImV4cCI6MTcxNjAxMzYwMiwiaWF0IjoxNzEzNDIxNjAyLCJqdGkiOiIyYzRiOGMwMjBhOTk0MDc0OTRlYjVjODlmYTM3NTEyNCIsInVzZXJfaWQiOjE2fQ.qIhxXWzDpnZKYkRIJXFdaHs0bXZCmmXw3NLz16KyJIM	2024-04-18 09:26:42.264029+03	2024-05-18 09:26:42+03	16	2c4b8c020a99407494eb5c89fa375124
159	eyJhbGciOiJIUzI1NiIsInR5cCI6IkpXVCJ9.eyJ0b2tlbl90eXBlIjoicmVmcmVzaCIsImV4cCI6MTcxNjAxMzY2NCwiaWF0IjoxNzEzNDIxNjY0LCJqdGkiOiIzM2Y5NzM3M2RlNjE0ZTQ4YWE0MDE5OWEwMTVmOTgwZiIsInVzZXJfaWQiOjE2fQ.ZPNTjQMLraDuZCXRt7O-LBqczXf2LIk-ocWjh91foQw	2024-04-18 09:27:44.610283+03	2024-05-18 09:27:44+03	16	33f97373de614e48aa40199a015f980f
160	eyJhbGciOiJIUzI1NiIsInR5cCI6IkpXVCJ9.eyJ0b2tlbl90eXBlIjoicmVmcmVzaCIsImV4cCI6MTcxNjAxNzUzNSwiaWF0IjoxNzEzNDI1NTM1LCJqdGkiOiI2M2RiZDVjYWYwNTQ0M2ZlODFlMWVlNDZiZGM4YmViNiIsInVzZXJfaWQiOjE2fQ.LNlYVeWhhiSB1kL72x55W6b29vwOt6JFOJG-3FlTpYQ	2024-04-18 10:32:15.286663+03	2024-05-18 10:32:15+03	16	63dbd5caf05443fe81e1ee46bdc8beb6
161	eyJhbGciOiJIUzI1NiIsInR5cCI6IkpXVCJ9.eyJ0b2tlbl90eXBlIjoicmVmcmVzaCIsImV4cCI6MTcxNjAxNzk0MywiaWF0IjoxNzEzNDI1OTQzLCJqdGkiOiI0ZmU5MmRkNjdmOWU0YzE4ODUyOTI3NDE5ODZmOTJmYSIsInVzZXJfaWQiOjE2fQ.cTY1apLJG-bdKB1NgDe75f4qkpe_a1D77Nj6G2GA1go	2024-04-18 10:39:03.534532+03	2024-05-18 10:39:03+03	16	4fe92dd67f9e4c1885292741986f92fa
162	eyJhbGciOiJIUzI1NiIsInR5cCI6IkpXVCJ9.eyJ0b2tlbl90eXBlIjoicmVmcmVzaCIsImV4cCI6MTcxNjAxOTE5OCwiaWF0IjoxNzEzNDI3MTk4LCJqdGkiOiJmNDAzMTA2NWVkZjQ0MDNlOTFlNGZhNzUzY2E3MDM2ZiIsInVzZXJfaWQiOjE2fQ.u9ZTSvobM6DkXmD4NUtleYfxXws3w_EL65Ah_WvPafQ	2024-04-18 10:59:58.843435+03	2024-05-18 10:59:58+03	16	f4031065edf4403e91e4fa753ca7036f
163	eyJhbGciOiJIUzI1NiIsInR5cCI6IkpXVCJ9.eyJ0b2tlbl90eXBlIjoicmVmcmVzaCIsImV4cCI6MTcxNjAyMDgxOSwiaWF0IjoxNzEzNDI4ODE5LCJqdGkiOiJhMGU3YTk1MTIwMDU0NDI5ODkyMzMxMDkxYWY3NDkwMiIsInVzZXJfaWQiOjE2fQ.C4H3CRMVsnCsHcOmooWDx_N_w7UwEosV62LGPv8osGc	2024-04-18 11:26:59.485225+03	2024-05-18 11:26:59+03	16	a0e7a95120054429892331091af74902
164	eyJhbGciOiJIUzI1NiIsInR5cCI6IkpXVCJ9.eyJ0b2tlbl90eXBlIjoicmVmcmVzaCIsImV4cCI6MTcxNjAyMDkyNiwiaWF0IjoxNzEzNDI4OTI2LCJqdGkiOiI5ZGRiMmZlNjVhZjY0ZjYwYWRmMDBmYjlmZDU5NGY4OCIsInVzZXJfaWQiOjE2fQ.lXx9XY0q2qcQomxdPFhDOhZhQf2PHM8Xh0I5FfWhPxI	2024-04-18 11:28:46.83153+03	2024-05-18 11:28:46+03	16	9ddb2fe65af64f60adf00fb9fd594f88
165	eyJhbGciOiJIUzI1NiIsInR5cCI6IkpXVCJ9.eyJ0b2tlbl90eXBlIjoicmVmcmVzaCIsImV4cCI6MTcxNjAyMjMwMSwiaWF0IjoxNzEzNDMwMzAxLCJqdGkiOiI2YmM5YjRjZGQ5MjI0M2MyYjkzZGE4MjEwZGQ5ODkzNiIsInVzZXJfaWQiOjd9.R-yU-kmJS23-7WUQAyZsy0Xt2nUrs_ojhahsQiUW_Q8	2024-04-18 11:51:41.545414+03	2024-05-18 11:51:41+03	7	6bc9b4cdd92243c2b93da8210dd98936
166	eyJhbGciOiJIUzI1NiIsInR5cCI6IkpXVCJ9.eyJ0b2tlbl90eXBlIjoicmVmcmVzaCIsImV4cCI6MTcxNjAyOTk4NywiaWF0IjoxNzEzNDM3OTg3LCJqdGkiOiJmZGQ0MTEwNmFlM2Q0ZjFjODM2MDBjZTE2MjNmNTJkMiIsInVzZXJfaWQiOjE2fQ.ulbKf2HtQTQH_vdgANt0lQIeQJW0Suty9RvTumJFpy8	2024-04-18 13:59:47.38365+03	2024-05-18 13:59:47+03	16	fdd41106ae3d4f1c83600ce1623f52d2
167	eyJhbGciOiJIUzI1NiIsInR5cCI6IkpXVCJ9.eyJ0b2tlbl90eXBlIjoicmVmcmVzaCIsImV4cCI6MTcxNjAzMDA1NSwiaWF0IjoxNzEzNDM4MDU1LCJqdGkiOiJlZjQyYjczMjg1MGQ0NzNlODlmOTVkNGI3NTFiMjc0MCIsInVzZXJfaWQiOjF9.VHmEuZh2JK-h_AMZnP7gMVe3A44SZYF83Olohg7MQzA	2024-04-18 14:00:55.86072+03	2024-05-18 14:00:55+03	1	ef42b732850d473e89f95d4b751b2740
168	eyJhbGciOiJIUzI1NiIsInR5cCI6IkpXVCJ9.eyJ0b2tlbl90eXBlIjoicmVmcmVzaCIsImV4cCI6MTcxNjAzMDEyNiwiaWF0IjoxNzEzNDM4MTI2LCJqdGkiOiI5ZWQyNDhiMGY2OGU0MTgwYjc3ZDY5NGZjMjE3MjcwYSIsInVzZXJfaWQiOjF9.Yb5EOgr9ACPCRqwUSViK4KhN51UTsFZhIicNmY-rYJg	2024-04-18 14:02:06.717771+03	2024-05-18 14:02:06+03	1	9ed248b0f68e4180b77d694fc217270a
169	eyJhbGciOiJIUzI1NiIsInR5cCI6IkpXVCJ9.eyJ0b2tlbl90eXBlIjoicmVmcmVzaCIsImV4cCI6MTcxNjA0MzQwMiwiaWF0IjoxNzEzNDUxNDAyLCJqdGkiOiIzNjQ0OGVjNTU4OWM0YjVhYTdmN2Q0NDEyNjg2YWUwYyIsInVzZXJfaWQiOjF9.L5RycwZOs1NBA8776OkQDPC_Vf-aXOez7dlaUWJicMo	2024-04-18 17:43:22.290841+03	2024-05-18 17:43:22+03	1	36448ec5589c4b5aa7f7d4412686ae0c
170	eyJhbGciOiJIUzI1NiIsInR5cCI6IkpXVCJ9.eyJ0b2tlbl90eXBlIjoicmVmcmVzaCIsImV4cCI6MTcxNjA5OTI3NCwiaWF0IjoxNzEzNTA3Mjc0LCJqdGkiOiI5MjU1YTJhOWVlNDY0Njc2OTVmZjBmM2EyMjI2MjMxNiIsInVzZXJfaWQiOjF9.nNHrod8SCic2TfOoU1_MUiV-FgA8uQduGcHjK9kNC5A	2024-04-19 09:14:34.961838+03	2024-05-19 09:14:34+03	1	9255a2a9ee46467695ff0f3a22262316
171	eyJhbGciOiJIUzI1NiIsInR5cCI6IkpXVCJ9.eyJ0b2tlbl90eXBlIjoicmVmcmVzaCIsImV4cCI6MTcxNjA5OTUwNiwiaWF0IjoxNzEzNTA3NTA2LCJqdGkiOiJmOTQ1ZDI5ZDY3ZjY0ZWIyOGI1MTQ0NTMyYmVmM2RlYiIsInVzZXJfaWQiOjF9.etDOV9C20M-itQfnkQn-EU7l1dG51s1XpNqTTQbAF8M	2024-04-19 09:18:26.247322+03	2024-05-19 09:18:26+03	1	f945d29d67f64eb28b5144532bef3deb
172	eyJhbGciOiJIUzI1NiIsInR5cCI6IkpXVCJ9.eyJ0b2tlbl90eXBlIjoicmVmcmVzaCIsImV4cCI6MTcxNjA5OTYyNSwiaWF0IjoxNzEzNTA3NjI1LCJqdGkiOiIwNjQ1OTliN2ViYTk0NmUyODc1ZTU0Mjg5ODk1NTc4OCIsInVzZXJfaWQiOjF9.0jemjXpYZKSo8edOnAfzpKtKTN4LLD8-1M_wLM7ONcQ	2024-04-19 09:20:25.950922+03	2024-05-19 09:20:25+03	1	064599b7eba946e2875e542898955788
173	eyJhbGciOiJIUzI1NiIsInR5cCI6IkpXVCJ9.eyJ0b2tlbl90eXBlIjoicmVmcmVzaCIsImV4cCI6MTcxNjA5OTc4OCwiaWF0IjoxNzEzNTA3Nzg4LCJqdGkiOiIwODg2MGQ3ODE2ODI0OWM0ODEyNmU2NmY5NTg4YjA3MiIsInVzZXJfaWQiOjF9.xaqwhP51N1wvOBUYyibct7iIyc4cI4D-pd9IlV0-Ow0	2024-04-19 09:23:08.865598+03	2024-05-19 09:23:08+03	1	08860d78168249c48126e66f9588b072
174	eyJhbGciOiJIUzI1NiIsInR5cCI6IkpXVCJ9.eyJ0b2tlbl90eXBlIjoicmVmcmVzaCIsImV4cCI6MTcxNjEwNTI2NiwiaWF0IjoxNzEzNTEzMjY2LCJqdGkiOiJlNTIzZWVmYzI3MjY0YzhhODQzZDNiY2NmZjE5ZWVjMCIsInVzZXJfaWQiOjF9.TfiBYQstdsegnsIwAYXI20fQqJZ4SgKpNMqnJMYsBvM	2024-04-19 10:54:26.743299+03	2024-05-19 10:54:26+03	1	e523eefc27264c8a843d3bccff19eec0
175	eyJhbGciOiJIUzI1NiIsInR5cCI6IkpXVCJ9.eyJ0b2tlbl90eXBlIjoicmVmcmVzaCIsImV4cCI6MTcxNjM2MjU3NiwiaWF0IjoxNzEzNzcwNTc2LCJqdGkiOiJmY2IxZDJiMDhmNjY0MjNlODE2YTVhNDNhOTViZmY3OSIsInVzZXJfaWQiOjV9.bC4fBi_Oc-Rqa9YdYVx3i1BVhZCr35hExk-hKl-0_f8	2024-04-22 10:22:56.433001+03	2024-05-22 10:22:56+03	5	fcb1d2b08f66423e816a5a43a95bff79
176	eyJhbGciOiJIUzI1NiIsInR5cCI6IkpXVCJ9.eyJ0b2tlbl90eXBlIjoicmVmcmVzaCIsImV4cCI6MTcxNjM2Mzg2NywiaWF0IjoxNzEzNzcxODY3LCJqdGkiOiI0NmU3ZDI4ZDBjMjM0NTliODhhNDgwMjIyMTA4ODZhNSIsInVzZXJfaWQiOjN9.KDUN5Yuiw8QymvMqbXqku9g9lIahKHvL7DqclNHbpjM	2024-04-22 10:44:27.513232+03	2024-05-22 10:44:27+03	3	46e7d28d0c23459b88a48022210886a5
177	eyJhbGciOiJIUzI1NiIsInR5cCI6IkpXVCJ9.eyJ0b2tlbl90eXBlIjoicmVmcmVzaCIsImV4cCI6MTcyNzI0OTUwOSwiaWF0IjoxNzI0NjU3NTA5LCJqdGkiOiI2MmVlMjNkYWFkM2E0YTYxOWUzZTNiNjlhMmMxNzZlMyIsInVzZXJfaWQiOjF9.v4P0YdLLmHq0mVC_1FK925-8GqmwDIEmBid6qDiwZ3k	2024-08-26 10:31:49.488017+03	2024-09-25 10:31:49+03	1	62ee23daad3a4a619e3e3b69a2c176e3
\.


--
-- TOC entry 3736 (class 0 OID 0)
-- Dependencies: 256
-- Name: Cabinets_id_seq; Type: SEQUENCE SET; Schema: public; Owner: postgres
--

SELECT pg_catalog.setval('public."Cabinets_id_seq"', 4, true);


--
-- TOC entry 3737 (class 0 OID 0)
-- Dependencies: 258
-- Name: Classes_id_seq; Type: SEQUENCE SET; Schema: public; Owner: postgres
--

SELECT pg_catalog.setval('public."Classes_id_seq"', 4, true);


--
-- TOC entry 3738 (class 0 OID 0)
-- Dependencies: 254
-- Name: Directors_id_seq; Type: SEQUENCE SET; Schema: public; Owner: postgres
--

SELECT pg_catalog.setval('public."Directors_id_seq"', 3, true);


--
-- TOC entry 3739 (class 0 OID 0)
-- Dependencies: 252
-- Name: FacultativeTeachers_id_seq; Type: SEQUENCE SET; Schema: public; Owner: postgres
--

SELECT pg_catalog.setval('public."FacultativeTeachers_id_seq"', 3, true);


--
-- TOC entry 3740 (class 0 OID 0)
-- Dependencies: 250
-- Name: Foods_id_seq; Type: SEQUENCE SET; Schema: public; Owner: postgres
--

SELECT pg_catalog.setval('public."Foods_id_seq"', 1, false);


--
-- TOC entry 3741 (class 0 OID 0)
-- Dependencies: 260
-- Name: Groups_id_seq; Type: SEQUENCE SET; Schema: public; Owner: postgres
--

SELECT pg_catalog.setval('public."Groups_id_seq"', 4, true);


--
-- TOC entry 3742 (class 0 OID 0)
-- Dependencies: 262
-- Name: Lessons_id_seq; Type: SEQUENCE SET; Schema: public; Owner: postgres
--

SELECT pg_catalog.setval('public."Lessons_id_seq"', 13, true);


--
-- TOC entry 3743 (class 0 OID 0)
-- Dependencies: 268
-- Name: Objects_id_seq; Type: SEQUENCE SET; Schema: public; Owner: postgres
--

SELECT pg_catalog.setval('public."Objects_id_seq"', 12, true);


--
-- TOC entry 3744 (class 0 OID 0)
-- Dependencies: 236
-- Name: ParentChild1C_id_seq; Type: SEQUENCE SET; Schema: public; Owner: postgres
--

SELECT pg_catalog.setval('public."ParentChild1C_id_seq"', 111, true);


--
-- TOC entry 3745 (class 0 OID 0)
-- Dependencies: 248
-- Name: ParentChild_id_seq; Type: SEQUENCE SET; Schema: public; Owner: postgres
--

SELECT pg_catalog.setval('public."ParentChild_id_seq"', 1, true);


--
-- TOC entry 3746 (class 0 OID 0)
-- Dependencies: 240
-- Name: Parents_id_seq; Type: SEQUENCE SET; Schema: public; Owner: postgres
--

SELECT pg_catalog.setval('public."Parents_id_seq"', 1, true);


--
-- TOC entry 3747 (class 0 OID 0)
-- Dependencies: 238
-- Name: Partners1C_id_seq; Type: SEQUENCE SET; Schema: public; Owner: postgres
--

SELECT pg_catalog.setval('public."Partners1C_id_seq"', 1, false);


--
-- TOC entry 3748 (class 0 OID 0)
-- Dependencies: 224
-- Name: Photos_id_seq; Type: SEQUENCE SET; Schema: public; Owner: postgres
--

SELECT pg_catalog.setval('public."Photos_id_seq"', 1, false);


--
-- TOC entry 3749 (class 0 OID 0)
-- Dependencies: 266
-- Name: Schedules_id_seq; Type: SEQUENCE SET; Schema: public; Owner: postgres
--

SELECT pg_catalog.setval('public."Schedules_id_seq"', 48050, true);


--
-- TOC entry 3750 (class 0 OID 0)
-- Dependencies: 226
-- Name: SchoolsDB_id_seq; Type: SEQUENCE SET; Schema: public; Owner: postgres
--

SELECT pg_catalog.setval('public."SchoolsDB_id_seq"', 3, true);


--
-- TOC entry 3751 (class 0 OID 0)
-- Dependencies: 275
-- Name: StudentClasses_id_seq; Type: SEQUENCE SET; Schema: public; Owner: postgres
--

SELECT pg_catalog.setval('public."StudentClasses_id_seq"', 5, true);


--
-- TOC entry 3752 (class 0 OID 0)
-- Dependencies: 277
-- Name: StudentGroups_id_seq; Type: SEQUENCE SET; Schema: public; Owner: postgres
--

SELECT pg_catalog.setval('public."StudentGroups_id_seq"', 8, true);


--
-- TOC entry 3753 (class 0 OID 0)
-- Dependencies: 246
-- Name: Students_id_seq; Type: SEQUENCE SET; Schema: public; Owner: postgres
--

SELECT pg_catalog.setval('public."Students_id_seq"', 6, true);


--
-- TOC entry 3754 (class 0 OID 0)
-- Dependencies: 244
-- Name: Teachers_id_seq; Type: SEQUENCE SET; Schema: public; Owner: postgres
--

SELECT pg_catalog.setval('public."Teachers_id_seq"', 9, true);


--
-- TOC entry 3755 (class 0 OID 0)
-- Dependencies: 264
-- Name: TimeLessons_id_seq; Type: SEQUENCE SET; Schema: public; Owner: postgres
--

SELECT pg_catalog.setval('public."TimeLessons_id_seq"', 6, true);


--
-- TOC entry 3756 (class 0 OID 0)
-- Dependencies: 242
-- Name: Tutors_id_seq; Type: SEQUENCE SET; Schema: public; Owner: postgres
--

SELECT pg_catalog.setval('public."Tutors_id_seq"', 2, true);


--
-- TOC entry 3757 (class 0 OID 0)
-- Dependencies: 230
-- Name: Users_groups_id_seq; Type: SEQUENCE SET; Schema: public; Owner: postgres
--

SELECT pg_catalog.setval('public."Users_groups_id_seq"', 1, false);


--
-- TOC entry 3758 (class 0 OID 0)
-- Dependencies: 228
-- Name: Users_id_seq; Type: SEQUENCE SET; Schema: public; Owner: postgres
--

SELECT pg_catalog.setval('public."Users_id_seq"', 17, true);


--
-- TOC entry 3759 (class 0 OID 0)
-- Dependencies: 232
-- Name: Users_user_permissions_id_seq; Type: SEQUENCE SET; Schema: public; Owner: postgres
--

SELECT pg_catalog.setval('public."Users_user_permissions_id_seq"', 1, false);


--
-- TOC entry 3760 (class 0 OID 0)
-- Dependencies: 220
-- Name: auth_group_id_seq; Type: SEQUENCE SET; Schema: public; Owner: postgres
--

SELECT pg_catalog.setval('public.auth_group_id_seq', 1, false);


--
-- TOC entry 3761 (class 0 OID 0)
-- Dependencies: 222
-- Name: auth_group_permissions_id_seq; Type: SEQUENCE SET; Schema: public; Owner: postgres
--

SELECT pg_catalog.setval('public.auth_group_permissions_id_seq', 1, false);


--
-- TOC entry 3762 (class 0 OID 0)
-- Dependencies: 218
-- Name: auth_permission_id_seq; Type: SEQUENCE SET; Schema: public; Owner: postgres
--

SELECT pg_catalog.setval('public.auth_permission_id_seq', 120, true);


--
-- TOC entry 3763 (class 0 OID 0)
-- Dependencies: 234
-- Name: django_admin_log_id_seq; Type: SEQUENCE SET; Schema: public; Owner: postgres
--

SELECT pg_catalog.setval('public.django_admin_log_id_seq', 156, true);


--
-- TOC entry 3764 (class 0 OID 0)
-- Dependencies: 216
-- Name: django_content_type_id_seq; Type: SEQUENCE SET; Schema: public; Owner: postgres
--

SELECT pg_catalog.setval('public.django_content_type_id_seq', 29, true);


--
-- TOC entry 3765 (class 0 OID 0)
-- Dependencies: 214
-- Name: django_migrations_id_seq; Type: SEQUENCE SET; Schema: public; Owner: postgres
--

SELECT pg_catalog.setval('public.django_migrations_id_seq', 47, true);


--
-- TOC entry 3766 (class 0 OID 0)
-- Dependencies: 271
-- Name: token_blacklist_blacklistedtoken_id_seq; Type: SEQUENCE SET; Schema: public; Owner: postgres
--

SELECT pg_catalog.setval('public.token_blacklist_blacklistedtoken_id_seq', 1, false);


--
-- TOC entry 3767 (class 0 OID 0)
-- Dependencies: 273
-- Name: token_blacklist_outstandingtoken_id_seq; Type: SEQUENCE SET; Schema: public; Owner: postgres
--

SELECT pg_catalog.setval('public.token_blacklist_outstandingtoken_id_seq', 177, true);


--
-- TOC entry 3422 (class 2606 OID 38940)
-- Name: Cabinets Cabinets_pkey; Type: CONSTRAINT; Schema: public; Owner: postgres
--

ALTER TABLE ONLY public."Cabinets"
    ADD CONSTRAINT "Cabinets_pkey" PRIMARY KEY (id);


--
-- TOC entry 3426 (class 2606 OID 38946)
-- Name: Classes Classes_pkey; Type: CONSTRAINT; Schema: public; Owner: postgres
--

ALTER TABLE ONLY public."Classes"
    ADD CONSTRAINT "Classes_pkey" PRIMARY KEY (id);


--
-- TOC entry 3418 (class 2606 OID 38838)
-- Name: Directors Directors_pkey; Type: CONSTRAINT; Schema: public; Owner: postgres
--

ALTER TABLE ONLY public."Directors"
    ADD CONSTRAINT "Directors_pkey" PRIMARY KEY (id);


--
-- TOC entry 3414 (class 2606 OID 38832)
-- Name: FacultativeTeachers FacultativeTeachers_pkey; Type: CONSTRAINT; Schema: public; Owner: postgres
--

ALTER TABLE ONLY public."FacultativeTeachers"
    ADD CONSTRAINT "FacultativeTeachers_pkey" PRIMARY KEY (id);


--
-- TOC entry 3410 (class 2606 OID 38826)
-- Name: Foods Foods_pkey; Type: CONSTRAINT; Schema: public; Owner: postgres
--

ALTER TABLE ONLY public."Foods"
    ADD CONSTRAINT "Foods_pkey" PRIMARY KEY (id);


--
-- TOC entry 3430 (class 2606 OID 38952)
-- Name: Groups Groups_pkey; Type: CONSTRAINT; Schema: public; Owner: postgres
--

ALTER TABLE ONLY public."Groups"
    ADD CONSTRAINT "Groups_pkey" PRIMARY KEY (id);


--
-- TOC entry 3435 (class 2606 OID 38958)
-- Name: Lessons Lessons_pkey; Type: CONSTRAINT; Schema: public; Owner: postgres
--

ALTER TABLE ONLY public."Lessons"
    ADD CONSTRAINT "Lessons_pkey" PRIMARY KEY (id);


--
-- TOC entry 3450 (class 2606 OID 38978)
-- Name: Objects Objects_pkey; Type: CONSTRAINT; Schema: public; Owner: postgres
--

ALTER TABLE ONLY public."Objects"
    ADD CONSTRAINT "Objects_pkey" PRIMARY KEY (id);


--
-- TOC entry 3386 (class 2606 OID 38782)
-- Name: ParentChild1C ParentChild1C_pkey; Type: CONSTRAINT; Schema: public; Owner: postgres
--

ALTER TABLE ONLY public."ParentChild1C"
    ADD CONSTRAINT "ParentChild1C_pkey" PRIMARY KEY (id);


--
-- TOC entry 3408 (class 2606 OID 38820)
-- Name: ParentChild ParentChild_pkey; Type: CONSTRAINT; Schema: public; Owner: postgres
--

ALTER TABLE ONLY public."ParentChild"
    ADD CONSTRAINT "ParentChild_pkey" PRIMARY KEY (id);


--
-- TOC entry 3390 (class 2606 OID 38796)
-- Name: Parents Parents_pkey; Type: CONSTRAINT; Schema: public; Owner: postgres
--

ALTER TABLE ONLY public."Parents"
    ADD CONSTRAINT "Parents_pkey" PRIMARY KEY (id);


--
-- TOC entry 3388 (class 2606 OID 38790)
-- Name: Partners1C Partners1C_pkey; Type: CONSTRAINT; Schema: public; Owner: postgres
--

ALTER TABLE ONLY public."Partners1C"
    ADD CONSTRAINT "Partners1C_pkey" PRIMARY KEY (id);


--
-- TOC entry 3356 (class 2606 OID 38681)
-- Name: Photos Photos_pkey; Type: CONSTRAINT; Schema: public; Owner: postgres
--

ALTER TABLE ONLY public."Photos"
    ADD CONSTRAINT "Photos_pkey" PRIMARY KEY (id);


--
-- TOC entry 3446 (class 2606 OID 38972)
-- Name: Schedules Schedules_pkey; Type: CONSTRAINT; Schema: public; Owner: postgres
--

ALTER TABLE ONLY public."Schedules"
    ADD CONSTRAINT "Schedules_pkey" PRIMARY KEY (id);


--
-- TOC entry 3359 (class 2606 OID 38689)
-- Name: SchoolsDB SchoolsDB_name_key; Type: CONSTRAINT; Schema: public; Owner: postgres
--

ALTER TABLE ONLY public."SchoolsDB"
    ADD CONSTRAINT "SchoolsDB_name_key" UNIQUE (name);


--
-- TOC entry 3362 (class 2606 OID 38687)
-- Name: SchoolsDB SchoolsDB_pkey; Type: CONSTRAINT; Schema: public; Owner: postgres
--

ALTER TABLE ONLY public."SchoolsDB"
    ADD CONSTRAINT "SchoolsDB_pkey" PRIMARY KEY (id);


--
-- TOC entry 3468 (class 2606 OID 47387)
-- Name: StudentClasses StudentClasses_pkey; Type: CONSTRAINT; Schema: public; Owner: postgres
--

ALTER TABLE ONLY public."StudentClasses"
    ADD CONSTRAINT "StudentClasses_pkey" PRIMARY KEY (id);


--
-- TOC entry 3472 (class 2606 OID 47393)
-- Name: StudentGroups StudentGroups_pkey; Type: CONSTRAINT; Schema: public; Owner: postgres
--

ALTER TABLE ONLY public."StudentGroups"
    ADD CONSTRAINT "StudentGroups_pkey" PRIMARY KEY (id);


--
-- TOC entry 3402 (class 2606 OID 38814)
-- Name: Students Students_pkey; Type: CONSTRAINT; Schema: public; Owner: postgres
--

ALTER TABLE ONLY public."Students"
    ADD CONSTRAINT "Students_pkey" PRIMARY KEY (id);


--
-- TOC entry 3398 (class 2606 OID 38808)
-- Name: Teachers Teachers_pkey; Type: CONSTRAINT; Schema: public; Owner: postgres
--

ALTER TABLE ONLY public."Teachers"
    ADD CONSTRAINT "Teachers_pkey" PRIMARY KEY (id);


--
-- TOC entry 3438 (class 2606 OID 38964)
-- Name: TimeLessons TimeLessons_pkey; Type: CONSTRAINT; Schema: public; Owner: postgres
--

ALTER TABLE ONLY public."TimeLessons"
    ADD CONSTRAINT "TimeLessons_pkey" PRIMARY KEY (id);


--
-- TOC entry 3394 (class 2606 OID 38802)
-- Name: Tutors Tutors_pkey; Type: CONSTRAINT; Schema: public; Owner: postgres
--

ALTER TABLE ONLY public."Tutors"
    ADD CONSTRAINT "Tutors_pkey" PRIMARY KEY (id);


--
-- TOC entry 3371 (class 2606 OID 38705)
-- Name: Users_groups Users_groups_pkey; Type: CONSTRAINT; Schema: public; Owner: postgres
--

ALTER TABLE ONLY public."Users_groups"
    ADD CONSTRAINT "Users_groups_pkey" PRIMARY KEY (id);


--
-- TOC entry 3374 (class 2606 OID 38727)
-- Name: Users_groups Users_groups_user_id_group_id_590dc796_uniq; Type: CONSTRAINT; Schema: public; Owner: postgres
--

ALTER TABLE ONLY public."Users_groups"
    ADD CONSTRAINT "Users_groups_user_id_group_id_590dc796_uniq" UNIQUE (user_id, group_id);


--
-- TOC entry 3365 (class 2606 OID 38697)
-- Name: Users Users_pkey; Type: CONSTRAINT; Schema: public; Owner: postgres
--

ALTER TABLE ONLY public."Users"
    ADD CONSTRAINT "Users_pkey" PRIMARY KEY (id);


--
-- TOC entry 3377 (class 2606 OID 38711)
-- Name: Users_user_permissions Users_user_permissions_pkey; Type: CONSTRAINT; Schema: public; Owner: postgres
--

ALTER TABLE ONLY public."Users_user_permissions"
    ADD CONSTRAINT "Users_user_permissions_pkey" PRIMARY KEY (id);


--
-- TOC entry 3380 (class 2606 OID 38741)
-- Name: Users_user_permissions Users_user_permissions_user_id_permission_id_f5781f04_uniq; Type: CONSTRAINT; Schema: public; Owner: postgres
--

ALTER TABLE ONLY public."Users_user_permissions"
    ADD CONSTRAINT "Users_user_permissions_user_id_permission_id_f5781f04_uniq" UNIQUE (user_id, permission_id);


--
-- TOC entry 3368 (class 2606 OID 38699)
-- Name: Users Users_username_key; Type: CONSTRAINT; Schema: public; Owner: postgres
--

ALTER TABLE ONLY public."Users"
    ADD CONSTRAINT "Users_username_key" UNIQUE (username);


--
-- TOC entry 3346 (class 2606 OID 38674)
-- Name: auth_group auth_group_name_key; Type: CONSTRAINT; Schema: public; Owner: postgres
--

ALTER TABLE ONLY public.auth_group
    ADD CONSTRAINT auth_group_name_key UNIQUE (name);


--
-- TOC entry 3351 (class 2606 OID 38660)
-- Name: auth_group_permissions auth_group_permissions_group_id_permission_id_0cd325b0_uniq; Type: CONSTRAINT; Schema: public; Owner: postgres
--

ALTER TABLE ONLY public.auth_group_permissions
    ADD CONSTRAINT auth_group_permissions_group_id_permission_id_0cd325b0_uniq UNIQUE (group_id, permission_id);


--
-- TOC entry 3354 (class 2606 OID 38649)
-- Name: auth_group_permissions auth_group_permissions_pkey; Type: CONSTRAINT; Schema: public; Owner: postgres
--

ALTER TABLE ONLY public.auth_group_permissions
    ADD CONSTRAINT auth_group_permissions_pkey PRIMARY KEY (id);


--
-- TOC entry 3348 (class 2606 OID 38641)
-- Name: auth_group auth_group_pkey; Type: CONSTRAINT; Schema: public; Owner: postgres
--

ALTER TABLE ONLY public.auth_group
    ADD CONSTRAINT auth_group_pkey PRIMARY KEY (id);


--
-- TOC entry 3341 (class 2606 OID 38651)
-- Name: auth_permission auth_permission_content_type_id_codename_01ab375a_uniq; Type: CONSTRAINT; Schema: public; Owner: postgres
--

ALTER TABLE ONLY public.auth_permission
    ADD CONSTRAINT auth_permission_content_type_id_codename_01ab375a_uniq UNIQUE (content_type_id, codename);


--
-- TOC entry 3343 (class 2606 OID 38635)
-- Name: auth_permission auth_permission_pkey; Type: CONSTRAINT; Schema: public; Owner: postgres
--

ALTER TABLE ONLY public.auth_permission
    ADD CONSTRAINT auth_permission_pkey PRIMARY KEY (id);


--
-- TOC entry 3383 (class 2606 OID 38762)
-- Name: django_admin_log django_admin_log_pkey; Type: CONSTRAINT; Schema: public; Owner: postgres
--

ALTER TABLE ONLY public.django_admin_log
    ADD CONSTRAINT django_admin_log_pkey PRIMARY KEY (id);


--
-- TOC entry 3336 (class 2606 OID 38629)
-- Name: django_content_type django_content_type_app_label_model_76bd3d3b_uniq; Type: CONSTRAINT; Schema: public; Owner: postgres
--

ALTER TABLE ONLY public.django_content_type
    ADD CONSTRAINT django_content_type_app_label_model_76bd3d3b_uniq UNIQUE (app_label, model);


--
-- TOC entry 3338 (class 2606 OID 38627)
-- Name: django_content_type django_content_type_pkey; Type: CONSTRAINT; Schema: public; Owner: postgres
--

ALTER TABLE ONLY public.django_content_type
    ADD CONSTRAINT django_content_type_pkey PRIMARY KEY (id);


--
-- TOC entry 3334 (class 2606 OID 38621)
-- Name: django_migrations django_migrations_pkey; Type: CONSTRAINT; Schema: public; Owner: postgres
--

ALTER TABLE ONLY public.django_migrations
    ADD CONSTRAINT django_migrations_pkey PRIMARY KEY (id);


--
-- TOC entry 3454 (class 2606 OID 39087)
-- Name: django_session django_session_pkey; Type: CONSTRAINT; Schema: public; Owner: postgres
--

ALTER TABLE ONLY public.django_session
    ADD CONSTRAINT django_session_pkey PRIMARY KEY (session_key);


--
-- TOC entry 3457 (class 2606 OID 39129)
-- Name: token_blacklist_blacklistedtoken token_blacklist_blacklistedtoken_pkey; Type: CONSTRAINT; Schema: public; Owner: postgres
--

ALTER TABLE ONLY public.token_blacklist_blacklistedtoken
    ADD CONSTRAINT token_blacklist_blacklistedtoken_pkey PRIMARY KEY (id);


--
-- TOC entry 3459 (class 2606 OID 39150)
-- Name: token_blacklist_blacklistedtoken token_blacklist_blacklistedtoken_token_id_key; Type: CONSTRAINT; Schema: public; Owner: postgres
--

ALTER TABLE ONLY public.token_blacklist_blacklistedtoken
    ADD CONSTRAINT token_blacklist_blacklistedtoken_token_id_key UNIQUE (token_id);


--
-- TOC entry 3462 (class 2606 OID 39120)
-- Name: token_blacklist_outstandingtoken token_blacklist_outstandingtoken_jti_hex_d9bdf6f7_uniq; Type: CONSTRAINT; Schema: public; Owner: postgres
--

ALTER TABLE ONLY public.token_blacklist_outstandingtoken
    ADD CONSTRAINT token_blacklist_outstandingtoken_jti_hex_d9bdf6f7_uniq UNIQUE (jti);


--
-- TOC entry 3464 (class 2606 OID 39138)
-- Name: token_blacklist_outstandingtoken token_blacklist_outstandingtoken_pkey; Type: CONSTRAINT; Schema: public; Owner: postgres
--

ALTER TABLE ONLY public.token_blacklist_outstandingtoken
    ADD CONSTRAINT token_blacklist_outstandingtoken_pkey PRIMARY KEY (id);


--
-- TOC entry 3423 (class 1259 OID 38994)
-- Name: Cabinets_school_id_124322e9; Type: INDEX; Schema: public; Owner: postgres
--

CREATE INDEX "Cabinets_school_id_124322e9" ON public."Cabinets" USING btree (school_id);


--
-- TOC entry 3424 (class 1259 OID 39005)
-- Name: Classes_cabinet_id_6a4634ef; Type: INDEX; Schema: public; Owner: postgres
--

CREATE INDEX "Classes_cabinet_id_6a4634ef" ON public."Classes" USING btree (cabinet_id);


--
-- TOC entry 3427 (class 1259 OID 39006)
-- Name: Classes_tutor_id_937b27ee; Type: INDEX; Schema: public; Owner: postgres
--

CREATE INDEX "Classes_tutor_id_937b27ee" ON public."Classes" USING btree (tutor_id);


--
-- TOC entry 3419 (class 1259 OID 38933)
-- Name: Directors_school_id_f3a5e08a; Type: INDEX; Schema: public; Owner: postgres
--

CREATE INDEX "Directors_school_id_f3a5e08a" ON public."Directors" USING btree (school_id);


--
-- TOC entry 3420 (class 1259 OID 38934)
-- Name: Directors_user_id_fb77c156; Type: INDEX; Schema: public; Owner: postgres
--

CREATE INDEX "Directors_user_id_fb77c156" ON public."Directors" USING btree (user_id);


--
-- TOC entry 3415 (class 1259 OID 38921)
-- Name: FacultativeTeachers_school_id_72c7a526; Type: INDEX; Schema: public; Owner: postgres
--

CREATE INDEX "FacultativeTeachers_school_id_72c7a526" ON public."FacultativeTeachers" USING btree (school_id);


--
-- TOC entry 3416 (class 1259 OID 38922)
-- Name: FacultativeTeachers_user_id_833678b1; Type: INDEX; Schema: public; Owner: postgres
--

CREATE INDEX "FacultativeTeachers_user_id_833678b1" ON public."FacultativeTeachers" USING btree (user_id);


--
-- TOC entry 3411 (class 1259 OID 38909)
-- Name: Foods_school_id_4b73d682; Type: INDEX; Schema: public; Owner: postgres
--

CREATE INDEX "Foods_school_id_4b73d682" ON public."Foods" USING btree (school_id);


--
-- TOC entry 3412 (class 1259 OID 38910)
-- Name: Foods_user_id_bd04348f; Type: INDEX; Schema: public; Owner: postgres
--

CREATE INDEX "Foods_user_id_bd04348f" ON public."Foods" USING btree (user_id);


--
-- TOC entry 3428 (class 1259 OID 39017)
-- Name: Groups_cls_id_e98cdf3b; Type: INDEX; Schema: public; Owner: postgres
--

CREATE INDEX "Groups_cls_id_e98cdf3b" ON public."Groups" USING btree (cls_id);


--
-- TOC entry 3431 (class 1259 OID 39018)
-- Name: Groups_school_id_67559bc2; Type: INDEX; Schema: public; Owner: postgres
--

CREATE INDEX "Groups_school_id_67559bc2" ON public."Groups" USING btree (school_id);


--
-- TOC entry 3432 (class 1259 OID 39024)
-- Name: Lessons_facultative_teacher_id_4b25cf80; Type: INDEX; Schema: public; Owner: postgres
--

CREATE INDEX "Lessons_facultative_teacher_id_4b25cf80" ON public."Lessons" USING btree (facultative_teacher_id);


--
-- TOC entry 3433 (class 1259 OID 39079)
-- Name: Lessons_object_id_a58eb126; Type: INDEX; Schema: public; Owner: postgres
--

CREATE INDEX "Lessons_object_id_a58eb126" ON public."Lessons" USING btree (object_id);


--
-- TOC entry 3436 (class 1259 OID 39080)
-- Name: Lessons_teacher_id_3b729ebd; Type: INDEX; Schema: public; Owner: postgres
--

CREATE INDEX "Lessons_teacher_id_3b729ebd" ON public."Lessons" USING btree (teacher_id);


--
-- TOC entry 3451 (class 1259 OID 39078)
-- Name: Objects_school_id_17a24952; Type: INDEX; Schema: public; Owner: postgres
--

CREATE INDEX "Objects_school_id_17a24952" ON public."Objects" USING btree (school_id);


--
-- TOC entry 3405 (class 1259 OID 38897)
-- Name: ParentChild_child_id_c51df437; Type: INDEX; Schema: public; Owner: postgres
--

CREATE INDEX "ParentChild_child_id_c51df437" ON public."ParentChild" USING btree (child_id);


--
-- TOC entry 3406 (class 1259 OID 38898)
-- Name: ParentChild_parent_id_e93b9c71; Type: INDEX; Schema: public; Owner: postgres
--

CREATE INDEX "ParentChild_parent_id_e93b9c71" ON public."ParentChild" USING btree (parent_id);


--
-- TOC entry 3391 (class 1259 OID 38849)
-- Name: Parents_school_id_5aaab544; Type: INDEX; Schema: public; Owner: postgres
--

CREATE INDEX "Parents_school_id_5aaab544" ON public."Parents" USING btree (school_id);


--
-- TOC entry 3392 (class 1259 OID 38850)
-- Name: Parents_user_id_f8534484; Type: INDEX; Schema: public; Owner: postgres
--

CREATE INDEX "Parents_user_id_f8534484" ON public."Parents" USING btree (user_id);


--
-- TOC entry 3440 (class 1259 OID 39066)
-- Name: Schedules_cabinet_id_d3f75a3e; Type: INDEX; Schema: public; Owner: postgres
--

CREATE INDEX "Schedules_cabinet_id_d3f75a3e" ON public."Schedules" USING btree (cabinet_id);


--
-- TOC entry 3441 (class 1259 OID 39067)
-- Name: Schedules_cls_id_400e635f; Type: INDEX; Schema: public; Owner: postgres
--

CREATE INDEX "Schedules_cls_id_400e635f" ON public."Schedules" USING btree (cls_id);


--
-- TOC entry 3442 (class 1259 OID 39068)
-- Name: Schedules_group_id_00afbcb7; Type: INDEX; Schema: public; Owner: postgres
--

CREATE INDEX "Schedules_group_id_00afbcb7" ON public."Schedules" USING btree (group_id);


--
-- TOC entry 3443 (class 1259 OID 39069)
-- Name: Schedules_lesson_id_e4d1eafd; Type: INDEX; Schema: public; Owner: postgres
--

CREATE INDEX "Schedules_lesson_id_e4d1eafd" ON public."Schedules" USING btree (lesson_id);


--
-- TOC entry 3444 (class 1259 OID 39070)
-- Name: Schedules_lesson_replace_id_9a1eadf4; Type: INDEX; Schema: public; Owner: postgres
--

CREATE INDEX "Schedules_lesson_replace_id_9a1eadf4" ON public."Schedules" USING btree (lesson_replace_id);


--
-- TOC entry 3447 (class 1259 OID 39071)
-- Name: Schedules_student_id_6666fb01; Type: INDEX; Schema: public; Owner: postgres
--

CREATE INDEX "Schedules_student_id_6666fb01" ON public."Schedules" USING btree (student_id);


--
-- TOC entry 3448 (class 1259 OID 39072)
-- Name: Schedules_time_lesson_id_0d10b3a4; Type: INDEX; Schema: public; Owner: postgres
--

CREATE INDEX "Schedules_time_lesson_id_0d10b3a4" ON public."Schedules" USING btree (time_lesson_id);


--
-- TOC entry 3357 (class 1259 OID 38717)
-- Name: SchoolsDB_name_f8c4d9b9_like; Type: INDEX; Schema: public; Owner: postgres
--

CREATE INDEX "SchoolsDB_name_f8c4d9b9_like" ON public."SchoolsDB" USING btree (name varchar_pattern_ops);


--
-- TOC entry 3360 (class 1259 OID 38718)
-- Name: SchoolsDB_photo_id_28db298c; Type: INDEX; Schema: public; Owner: postgres
--

CREATE INDEX "SchoolsDB_photo_id_28db298c" ON public."SchoolsDB" USING btree (photo_id);


--
-- TOC entry 3466 (class 1259 OID 47404)
-- Name: StudentClasses_cls_id_630f1e23; Type: INDEX; Schema: public; Owner: postgres
--

CREATE INDEX "StudentClasses_cls_id_630f1e23" ON public."StudentClasses" USING btree (cls_id);


--
-- TOC entry 3469 (class 1259 OID 47405)
-- Name: StudentClasses_student_id_cc2dc6c1; Type: INDEX; Schema: public; Owner: postgres
--

CREATE INDEX "StudentClasses_student_id_cc2dc6c1" ON public."StudentClasses" USING btree (student_id);


--
-- TOC entry 3470 (class 1259 OID 47416)
-- Name: StudentGroups_group_id_9dcb55f3; Type: INDEX; Schema: public; Owner: postgres
--

CREATE INDEX "StudentGroups_group_id_9dcb55f3" ON public."StudentGroups" USING btree (group_id);


--
-- TOC entry 3473 (class 1259 OID 47417)
-- Name: StudentGroups_student_id_f4174411; Type: INDEX; Schema: public; Owner: postgres
--

CREATE INDEX "StudentGroups_student_id_f4174411" ON public."StudentGroups" USING btree (student_id);


--
-- TOC entry 3403 (class 1259 OID 38885)
-- Name: Students_school_id_96bd1435; Type: INDEX; Schema: public; Owner: postgres
--

CREATE INDEX "Students_school_id_96bd1435" ON public."Students" USING btree (school_id);


--
-- TOC entry 3404 (class 1259 OID 38886)
-- Name: Students_user_id_a8e9425b; Type: INDEX; Schema: public; Owner: postgres
--

CREATE INDEX "Students_user_id_a8e9425b" ON public."Students" USING btree (user_id);


--
-- TOC entry 3399 (class 1259 OID 38873)
-- Name: Teachers_school_id_13391833; Type: INDEX; Schema: public; Owner: postgres
--

CREATE INDEX "Teachers_school_id_13391833" ON public."Teachers" USING btree (school_id);


--
-- TOC entry 3400 (class 1259 OID 38874)
-- Name: Teachers_user_id_c125ca55; Type: INDEX; Schema: public; Owner: postgres
--

CREATE INDEX "Teachers_user_id_c125ca55" ON public."Teachers" USING btree (user_id);


--
-- TOC entry 3439 (class 1259 OID 39030)
-- Name: TimeLessons_school_id_2dfeca12; Type: INDEX; Schema: public; Owner: postgres
--

CREATE INDEX "TimeLessons_school_id_2dfeca12" ON public."TimeLessons" USING btree (school_id);


--
-- TOC entry 3395 (class 1259 OID 38861)
-- Name: Tutors_school_id_78853197; Type: INDEX; Schema: public; Owner: postgres
--

CREATE INDEX "Tutors_school_id_78853197" ON public."Tutors" USING btree (school_id);


--
-- TOC entry 3396 (class 1259 OID 38862)
-- Name: Tutors_user_id_0f2c0e99; Type: INDEX; Schema: public; Owner: postgres
--

CREATE INDEX "Tutors_user_id_0f2c0e99" ON public."Tutors" USING btree (user_id);


--
-- TOC entry 3369 (class 1259 OID 38739)
-- Name: Users_groups_group_id_2ddde7ed; Type: INDEX; Schema: public; Owner: postgres
--

CREATE INDEX "Users_groups_group_id_2ddde7ed" ON public."Users_groups" USING btree (group_id);


--
-- TOC entry 3372 (class 1259 OID 38738)
-- Name: Users_groups_user_id_d0013979; Type: INDEX; Schema: public; Owner: postgres
--

CREATE INDEX "Users_groups_user_id_d0013979" ON public."Users_groups" USING btree (user_id);


--
-- TOC entry 3363 (class 1259 OID 38725)
-- Name: Users_photo_id_bd383339; Type: INDEX; Schema: public; Owner: postgres
--

CREATE INDEX "Users_photo_id_bd383339" ON public."Users" USING btree (photo_id);


--
-- TOC entry 3375 (class 1259 OID 38753)
-- Name: Users_user_permissions_permission_id_7995fa19; Type: INDEX; Schema: public; Owner: postgres
--

CREATE INDEX "Users_user_permissions_permission_id_7995fa19" ON public."Users_user_permissions" USING btree (permission_id);


--
-- TOC entry 3378 (class 1259 OID 38752)
-- Name: Users_user_permissions_user_id_c976b39e; Type: INDEX; Schema: public; Owner: postgres
--

CREATE INDEX "Users_user_permissions_user_id_c976b39e" ON public."Users_user_permissions" USING btree (user_id);


--
-- TOC entry 3366 (class 1259 OID 38724)
-- Name: Users_username_c7f288a1_like; Type: INDEX; Schema: public; Owner: postgres
--

CREATE INDEX "Users_username_c7f288a1_like" ON public."Users" USING btree (username varchar_pattern_ops);


--
-- TOC entry 3344 (class 1259 OID 38675)
-- Name: auth_group_name_a6ea08ec_like; Type: INDEX; Schema: public; Owner: postgres
--

CREATE INDEX auth_group_name_a6ea08ec_like ON public.auth_group USING btree (name varchar_pattern_ops);


--
-- TOC entry 3349 (class 1259 OID 38671)
-- Name: auth_group_permissions_group_id_b120cbf9; Type: INDEX; Schema: public; Owner: postgres
--

CREATE INDEX auth_group_permissions_group_id_b120cbf9 ON public.auth_group_permissions USING btree (group_id);


--
-- TOC entry 3352 (class 1259 OID 38672)
-- Name: auth_group_permissions_permission_id_84c5c92e; Type: INDEX; Schema: public; Owner: postgres
--

CREATE INDEX auth_group_permissions_permission_id_84c5c92e ON public.auth_group_permissions USING btree (permission_id);


--
-- TOC entry 3339 (class 1259 OID 38657)
-- Name: auth_permission_content_type_id_2f476e4b; Type: INDEX; Schema: public; Owner: postgres
--

CREATE INDEX auth_permission_content_type_id_2f476e4b ON public.auth_permission USING btree (content_type_id);


--
-- TOC entry 3381 (class 1259 OID 38773)
-- Name: django_admin_log_content_type_id_c4bce8eb; Type: INDEX; Schema: public; Owner: postgres
--

CREATE INDEX django_admin_log_content_type_id_c4bce8eb ON public.django_admin_log USING btree (content_type_id);


--
-- TOC entry 3384 (class 1259 OID 38774)
-- Name: django_admin_log_user_id_c564eba6; Type: INDEX; Schema: public; Owner: postgres
--

CREATE INDEX django_admin_log_user_id_c564eba6 ON public.django_admin_log USING btree (user_id);


--
-- TOC entry 3452 (class 1259 OID 39089)
-- Name: django_session_expire_date_a5c62663; Type: INDEX; Schema: public; Owner: postgres
--

CREATE INDEX django_session_expire_date_a5c62663 ON public.django_session USING btree (expire_date);


--
-- TOC entry 3455 (class 1259 OID 39088)
-- Name: django_session_session_key_c0390e0f_like; Type: INDEX; Schema: public; Owner: postgres
--

CREATE INDEX django_session_session_key_c0390e0f_like ON public.django_session USING btree (session_key varchar_pattern_ops);


--
-- TOC entry 3460 (class 1259 OID 39121)
-- Name: token_blacklist_outstandingtoken_jti_hex_d9bdf6f7_like; Type: INDEX; Schema: public; Owner: postgres
--

CREATE INDEX token_blacklist_outstandingtoken_jti_hex_d9bdf6f7_like ON public.token_blacklist_outstandingtoken USING btree (jti varchar_pattern_ops);


--
-- TOC entry 3465 (class 1259 OID 39118)
-- Name: token_blacklist_outstandingtoken_user_id_83bc629a; Type: INDEX; Schema: public; Owner: postgres
--

CREATE INDEX token_blacklist_outstandingtoken_user_id_83bc629a ON public.token_blacklist_outstandingtoken USING btree (user_id);


--
-- TOC entry 3501 (class 2606 OID 38989)
-- Name: Cabinets Cabinets_school_id_124322e9_fk_SchoolsDB_id; Type: FK CONSTRAINT; Schema: public; Owner: postgres
--

ALTER TABLE ONLY public."Cabinets"
    ADD CONSTRAINT "Cabinets_school_id_124322e9_fk_SchoolsDB_id" FOREIGN KEY (school_id) REFERENCES public."SchoolsDB"(id) DEFERRABLE INITIALLY DEFERRED;


--
-- TOC entry 3502 (class 2606 OID 38995)
-- Name: Classes Classes_cabinet_id_6a4634ef_fk_Cabinets_id; Type: FK CONSTRAINT; Schema: public; Owner: postgres
--

ALTER TABLE ONLY public."Classes"
    ADD CONSTRAINT "Classes_cabinet_id_6a4634ef_fk_Cabinets_id" FOREIGN KEY (cabinet_id) REFERENCES public."Cabinets"(id) DEFERRABLE INITIALLY DEFERRED;


--
-- TOC entry 3503 (class 2606 OID 39000)
-- Name: Classes Classes_tutor_id_937b27ee_fk_Tutors_id; Type: FK CONSTRAINT; Schema: public; Owner: postgres
--

ALTER TABLE ONLY public."Classes"
    ADD CONSTRAINT "Classes_tutor_id_937b27ee_fk_Tutors_id" FOREIGN KEY (tutor_id) REFERENCES public."Tutors"(id) DEFERRABLE INITIALLY DEFERRED;


--
-- TOC entry 3499 (class 2606 OID 38923)
-- Name: Directors Directors_school_id_f3a5e08a_fk_SchoolsDB_id; Type: FK CONSTRAINT; Schema: public; Owner: postgres
--

ALTER TABLE ONLY public."Directors"
    ADD CONSTRAINT "Directors_school_id_f3a5e08a_fk_SchoolsDB_id" FOREIGN KEY (school_id) REFERENCES public."SchoolsDB"(id) DEFERRABLE INITIALLY DEFERRED;


--
-- TOC entry 3500 (class 2606 OID 38928)
-- Name: Directors Directors_user_id_fb77c156_fk_Users_id; Type: FK CONSTRAINT; Schema: public; Owner: postgres
--

ALTER TABLE ONLY public."Directors"
    ADD CONSTRAINT "Directors_user_id_fb77c156_fk_Users_id" FOREIGN KEY (user_id) REFERENCES public."Users"(id) DEFERRABLE INITIALLY DEFERRED;


--
-- TOC entry 3497 (class 2606 OID 38911)
-- Name: FacultativeTeachers FacultativeTeachers_school_id_72c7a526_fk_SchoolsDB_id; Type: FK CONSTRAINT; Schema: public; Owner: postgres
--

ALTER TABLE ONLY public."FacultativeTeachers"
    ADD CONSTRAINT "FacultativeTeachers_school_id_72c7a526_fk_SchoolsDB_id" FOREIGN KEY (school_id) REFERENCES public."SchoolsDB"(id) DEFERRABLE INITIALLY DEFERRED;


--
-- TOC entry 3498 (class 2606 OID 38916)
-- Name: FacultativeTeachers FacultativeTeachers_user_id_833678b1_fk_Users_id; Type: FK CONSTRAINT; Schema: public; Owner: postgres
--

ALTER TABLE ONLY public."FacultativeTeachers"
    ADD CONSTRAINT "FacultativeTeachers_user_id_833678b1_fk_Users_id" FOREIGN KEY (user_id) REFERENCES public."Users"(id) DEFERRABLE INITIALLY DEFERRED;


--
-- TOC entry 3495 (class 2606 OID 38899)
-- Name: Foods Foods_school_id_4b73d682_fk_SchoolsDB_id; Type: FK CONSTRAINT; Schema: public; Owner: postgres
--

ALTER TABLE ONLY public."Foods"
    ADD CONSTRAINT "Foods_school_id_4b73d682_fk_SchoolsDB_id" FOREIGN KEY (school_id) REFERENCES public."SchoolsDB"(id) DEFERRABLE INITIALLY DEFERRED;


--
-- TOC entry 3496 (class 2606 OID 38904)
-- Name: Foods Foods_user_id_bd04348f_fk_Users_id; Type: FK CONSTRAINT; Schema: public; Owner: postgres
--

ALTER TABLE ONLY public."Foods"
    ADD CONSTRAINT "Foods_user_id_bd04348f_fk_Users_id" FOREIGN KEY (user_id) REFERENCES public."Users"(id) DEFERRABLE INITIALLY DEFERRED;


--
-- TOC entry 3504 (class 2606 OID 39007)
-- Name: Groups Groups_cls_id_e98cdf3b_fk_Classes_id; Type: FK CONSTRAINT; Schema: public; Owner: postgres
--

ALTER TABLE ONLY public."Groups"
    ADD CONSTRAINT "Groups_cls_id_e98cdf3b_fk_Classes_id" FOREIGN KEY (cls_id) REFERENCES public."Classes"(id) DEFERRABLE INITIALLY DEFERRED;


--
-- TOC entry 3505 (class 2606 OID 39012)
-- Name: Groups Groups_school_id_67559bc2_fk_SchoolsDB_id; Type: FK CONSTRAINT; Schema: public; Owner: postgres
--

ALTER TABLE ONLY public."Groups"
    ADD CONSTRAINT "Groups_school_id_67559bc2_fk_SchoolsDB_id" FOREIGN KEY (school_id) REFERENCES public."SchoolsDB"(id) DEFERRABLE INITIALLY DEFERRED;


--
-- TOC entry 3506 (class 2606 OID 39019)
-- Name: Lessons Lessons_facultative_teacher__4b25cf80_fk_Facultati; Type: FK CONSTRAINT; Schema: public; Owner: postgres
--

ALTER TABLE ONLY public."Lessons"
    ADD CONSTRAINT "Lessons_facultative_teacher__4b25cf80_fk_Facultati" FOREIGN KEY (facultative_teacher_id) REFERENCES public."FacultativeTeachers"(id) DEFERRABLE INITIALLY DEFERRED;


--
-- TOC entry 3507 (class 2606 OID 38979)
-- Name: Lessons Lessons_object_id_a58eb126_fk_Objects_id; Type: FK CONSTRAINT; Schema: public; Owner: postgres
--

ALTER TABLE ONLY public."Lessons"
    ADD CONSTRAINT "Lessons_object_id_a58eb126_fk_Objects_id" FOREIGN KEY (object_id) REFERENCES public."Objects"(id) DEFERRABLE INITIALLY DEFERRED;


--
-- TOC entry 3508 (class 2606 OID 38984)
-- Name: Lessons Lessons_teacher_id_3b729ebd_fk_Teachers_id; Type: FK CONSTRAINT; Schema: public; Owner: postgres
--

ALTER TABLE ONLY public."Lessons"
    ADD CONSTRAINT "Lessons_teacher_id_3b729ebd_fk_Teachers_id" FOREIGN KEY (teacher_id) REFERENCES public."Teachers"(id) DEFERRABLE INITIALLY DEFERRED;


--
-- TOC entry 3517 (class 2606 OID 39073)
-- Name: Objects Objects_school_id_17a24952_fk_SchoolsDB_id; Type: FK CONSTRAINT; Schema: public; Owner: postgres
--

ALTER TABLE ONLY public."Objects"
    ADD CONSTRAINT "Objects_school_id_17a24952_fk_SchoolsDB_id" FOREIGN KEY (school_id) REFERENCES public."SchoolsDB"(id) DEFERRABLE INITIALLY DEFERRED;


--
-- TOC entry 3493 (class 2606 OID 38887)
-- Name: ParentChild ParentChild_child_id_c51df437_fk_Students_id; Type: FK CONSTRAINT; Schema: public; Owner: postgres
--

ALTER TABLE ONLY public."ParentChild"
    ADD CONSTRAINT "ParentChild_child_id_c51df437_fk_Students_id" FOREIGN KEY (child_id) REFERENCES public."Students"(id) DEFERRABLE INITIALLY DEFERRED;


--
-- TOC entry 3494 (class 2606 OID 38892)
-- Name: ParentChild ParentChild_parent_id_e93b9c71_fk_Parents_id; Type: FK CONSTRAINT; Schema: public; Owner: postgres
--

ALTER TABLE ONLY public."ParentChild"
    ADD CONSTRAINT "ParentChild_parent_id_e93b9c71_fk_Parents_id" FOREIGN KEY (parent_id) REFERENCES public."Parents"(id) DEFERRABLE INITIALLY DEFERRED;


--
-- TOC entry 3485 (class 2606 OID 38839)
-- Name: Parents Parents_school_id_5aaab544_fk_SchoolsDB_id; Type: FK CONSTRAINT; Schema: public; Owner: postgres
--

ALTER TABLE ONLY public."Parents"
    ADD CONSTRAINT "Parents_school_id_5aaab544_fk_SchoolsDB_id" FOREIGN KEY (school_id) REFERENCES public."SchoolsDB"(id) DEFERRABLE INITIALLY DEFERRED;


--
-- TOC entry 3486 (class 2606 OID 38844)
-- Name: Parents Parents_user_id_f8534484_fk_Users_id; Type: FK CONSTRAINT; Schema: public; Owner: postgres
--

ALTER TABLE ONLY public."Parents"
    ADD CONSTRAINT "Parents_user_id_f8534484_fk_Users_id" FOREIGN KEY (user_id) REFERENCES public."Users"(id) DEFERRABLE INITIALLY DEFERRED;


--
-- TOC entry 3510 (class 2606 OID 39031)
-- Name: Schedules Schedules_cabinet_id_d3f75a3e_fk_Cabinets_id; Type: FK CONSTRAINT; Schema: public; Owner: postgres
--

ALTER TABLE ONLY public."Schedules"
    ADD CONSTRAINT "Schedules_cabinet_id_d3f75a3e_fk_Cabinets_id" FOREIGN KEY (cabinet_id) REFERENCES public."Cabinets"(id) DEFERRABLE INITIALLY DEFERRED;


--
-- TOC entry 3511 (class 2606 OID 39036)
-- Name: Schedules Schedules_cls_id_400e635f_fk_Classes_id; Type: FK CONSTRAINT; Schema: public; Owner: postgres
--

ALTER TABLE ONLY public."Schedules"
    ADD CONSTRAINT "Schedules_cls_id_400e635f_fk_Classes_id" FOREIGN KEY (cls_id) REFERENCES public."Classes"(id) DEFERRABLE INITIALLY DEFERRED;


--
-- TOC entry 3512 (class 2606 OID 39041)
-- Name: Schedules Schedules_group_id_00afbcb7_fk_Groups_id; Type: FK CONSTRAINT; Schema: public; Owner: postgres
--

ALTER TABLE ONLY public."Schedules"
    ADD CONSTRAINT "Schedules_group_id_00afbcb7_fk_Groups_id" FOREIGN KEY (group_id) REFERENCES public."Groups"(id) DEFERRABLE INITIALLY DEFERRED;


--
-- TOC entry 3513 (class 2606 OID 39046)
-- Name: Schedules Schedules_lesson_id_e4d1eafd_fk_Lessons_id; Type: FK CONSTRAINT; Schema: public; Owner: postgres
--

ALTER TABLE ONLY public."Schedules"
    ADD CONSTRAINT "Schedules_lesson_id_e4d1eafd_fk_Lessons_id" FOREIGN KEY (lesson_id) REFERENCES public."Lessons"(id) DEFERRABLE INITIALLY DEFERRED;


--
-- TOC entry 3514 (class 2606 OID 39051)
-- Name: Schedules Schedules_lesson_replace_id_9a1eadf4_fk_Lessons_id; Type: FK CONSTRAINT; Schema: public; Owner: postgres
--

ALTER TABLE ONLY public."Schedules"
    ADD CONSTRAINT "Schedules_lesson_replace_id_9a1eadf4_fk_Lessons_id" FOREIGN KEY (lesson_replace_id) REFERENCES public."Lessons"(id) DEFERRABLE INITIALLY DEFERRED;


--
-- TOC entry 3515 (class 2606 OID 39056)
-- Name: Schedules Schedules_student_id_6666fb01_fk_Students_id; Type: FK CONSTRAINT; Schema: public; Owner: postgres
--

ALTER TABLE ONLY public."Schedules"
    ADD CONSTRAINT "Schedules_student_id_6666fb01_fk_Students_id" FOREIGN KEY (student_id) REFERENCES public."Students"(id) DEFERRABLE INITIALLY DEFERRED;


--
-- TOC entry 3516 (class 2606 OID 39061)
-- Name: Schedules Schedules_time_lesson_id_0d10b3a4_fk_TimeLessons_id; Type: FK CONSTRAINT; Schema: public; Owner: postgres
--

ALTER TABLE ONLY public."Schedules"
    ADD CONSTRAINT "Schedules_time_lesson_id_0d10b3a4_fk_TimeLessons_id" FOREIGN KEY (time_lesson_id) REFERENCES public."TimeLessons"(id) DEFERRABLE INITIALLY DEFERRED;


--
-- TOC entry 3477 (class 2606 OID 38712)
-- Name: SchoolsDB SchoolsDB_photo_id_28db298c_fk_Photos_id; Type: FK CONSTRAINT; Schema: public; Owner: postgres
--

ALTER TABLE ONLY public."SchoolsDB"
    ADD CONSTRAINT "SchoolsDB_photo_id_28db298c_fk_Photos_id" FOREIGN KEY (photo_id) REFERENCES public."Photos"(id) DEFERRABLE INITIALLY DEFERRED;


--
-- TOC entry 3520 (class 2606 OID 47394)
-- Name: StudentClasses StudentClasses_cls_id_630f1e23_fk_Classes_id; Type: FK CONSTRAINT; Schema: public; Owner: postgres
--

ALTER TABLE ONLY public."StudentClasses"
    ADD CONSTRAINT "StudentClasses_cls_id_630f1e23_fk_Classes_id" FOREIGN KEY (cls_id) REFERENCES public."Classes"(id) DEFERRABLE INITIALLY DEFERRED;


--
-- TOC entry 3521 (class 2606 OID 47399)
-- Name: StudentClasses StudentClasses_student_id_cc2dc6c1_fk_Students_id; Type: FK CONSTRAINT; Schema: public; Owner: postgres
--

ALTER TABLE ONLY public."StudentClasses"
    ADD CONSTRAINT "StudentClasses_student_id_cc2dc6c1_fk_Students_id" FOREIGN KEY (student_id) REFERENCES public."Students"(id) DEFERRABLE INITIALLY DEFERRED;


--
-- TOC entry 3522 (class 2606 OID 47406)
-- Name: StudentGroups StudentGroups_group_id_9dcb55f3_fk_Groups_id; Type: FK CONSTRAINT; Schema: public; Owner: postgres
--

ALTER TABLE ONLY public."StudentGroups"
    ADD CONSTRAINT "StudentGroups_group_id_9dcb55f3_fk_Groups_id" FOREIGN KEY (group_id) REFERENCES public."Groups"(id) DEFERRABLE INITIALLY DEFERRED;


--
-- TOC entry 3523 (class 2606 OID 47411)
-- Name: StudentGroups StudentGroups_student_id_f4174411_fk_Students_id; Type: FK CONSTRAINT; Schema: public; Owner: postgres
--

ALTER TABLE ONLY public."StudentGroups"
    ADD CONSTRAINT "StudentGroups_student_id_f4174411_fk_Students_id" FOREIGN KEY (student_id) REFERENCES public."Students"(id) DEFERRABLE INITIALLY DEFERRED;


--
-- TOC entry 3491 (class 2606 OID 38875)
-- Name: Students Students_school_id_96bd1435_fk_SchoolsDB_id; Type: FK CONSTRAINT; Schema: public; Owner: postgres
--

ALTER TABLE ONLY public."Students"
    ADD CONSTRAINT "Students_school_id_96bd1435_fk_SchoolsDB_id" FOREIGN KEY (school_id) REFERENCES public."SchoolsDB"(id) DEFERRABLE INITIALLY DEFERRED;


--
-- TOC entry 3492 (class 2606 OID 38880)
-- Name: Students Students_user_id_a8e9425b_fk_Users_id; Type: FK CONSTRAINT; Schema: public; Owner: postgres
--

ALTER TABLE ONLY public."Students"
    ADD CONSTRAINT "Students_user_id_a8e9425b_fk_Users_id" FOREIGN KEY (user_id) REFERENCES public."Users"(id) DEFERRABLE INITIALLY DEFERRED;


--
-- TOC entry 3489 (class 2606 OID 38863)
-- Name: Teachers Teachers_school_id_13391833_fk_SchoolsDB_id; Type: FK CONSTRAINT; Schema: public; Owner: postgres
--

ALTER TABLE ONLY public."Teachers"
    ADD CONSTRAINT "Teachers_school_id_13391833_fk_SchoolsDB_id" FOREIGN KEY (school_id) REFERENCES public."SchoolsDB"(id) DEFERRABLE INITIALLY DEFERRED;


--
-- TOC entry 3490 (class 2606 OID 38868)
-- Name: Teachers Teachers_user_id_c125ca55_fk_Users_id; Type: FK CONSTRAINT; Schema: public; Owner: postgres
--

ALTER TABLE ONLY public."Teachers"
    ADD CONSTRAINT "Teachers_user_id_c125ca55_fk_Users_id" FOREIGN KEY (user_id) REFERENCES public."Users"(id) DEFERRABLE INITIALLY DEFERRED;


--
-- TOC entry 3509 (class 2606 OID 39025)
-- Name: TimeLessons TimeLessons_school_id_2dfeca12_fk_SchoolsDB_id; Type: FK CONSTRAINT; Schema: public; Owner: postgres
--

ALTER TABLE ONLY public."TimeLessons"
    ADD CONSTRAINT "TimeLessons_school_id_2dfeca12_fk_SchoolsDB_id" FOREIGN KEY (school_id) REFERENCES public."SchoolsDB"(id) DEFERRABLE INITIALLY DEFERRED;


--
-- TOC entry 3487 (class 2606 OID 38851)
-- Name: Tutors Tutors_school_id_78853197_fk_SchoolsDB_id; Type: FK CONSTRAINT; Schema: public; Owner: postgres
--

ALTER TABLE ONLY public."Tutors"
    ADD CONSTRAINT "Tutors_school_id_78853197_fk_SchoolsDB_id" FOREIGN KEY (school_id) REFERENCES public."SchoolsDB"(id) DEFERRABLE INITIALLY DEFERRED;


--
-- TOC entry 3488 (class 2606 OID 38856)
-- Name: Tutors Tutors_user_id_0f2c0e99_fk_Users_id; Type: FK CONSTRAINT; Schema: public; Owner: postgres
--

ALTER TABLE ONLY public."Tutors"
    ADD CONSTRAINT "Tutors_user_id_0f2c0e99_fk_Users_id" FOREIGN KEY (user_id) REFERENCES public."Users"(id) DEFERRABLE INITIALLY DEFERRED;


--
-- TOC entry 3479 (class 2606 OID 38733)
-- Name: Users_groups Users_groups_group_id_2ddde7ed_fk_auth_group_id; Type: FK CONSTRAINT; Schema: public; Owner: postgres
--

ALTER TABLE ONLY public."Users_groups"
    ADD CONSTRAINT "Users_groups_group_id_2ddde7ed_fk_auth_group_id" FOREIGN KEY (group_id) REFERENCES public.auth_group(id) DEFERRABLE INITIALLY DEFERRED;


--
-- TOC entry 3480 (class 2606 OID 38728)
-- Name: Users_groups Users_groups_user_id_d0013979_fk_Users_id; Type: FK CONSTRAINT; Schema: public; Owner: postgres
--

ALTER TABLE ONLY public."Users_groups"
    ADD CONSTRAINT "Users_groups_user_id_d0013979_fk_Users_id" FOREIGN KEY (user_id) REFERENCES public."Users"(id) DEFERRABLE INITIALLY DEFERRED;


--
-- TOC entry 3478 (class 2606 OID 38719)
-- Name: Users Users_photo_id_bd383339_fk_Photos_id; Type: FK CONSTRAINT; Schema: public; Owner: postgres
--

ALTER TABLE ONLY public."Users"
    ADD CONSTRAINT "Users_photo_id_bd383339_fk_Photos_id" FOREIGN KEY (photo_id) REFERENCES public."Photos"(id) DEFERRABLE INITIALLY DEFERRED;


--
-- TOC entry 3481 (class 2606 OID 38747)
-- Name: Users_user_permissions Users_user_permissio_permission_id_7995fa19_fk_auth_perm; Type: FK CONSTRAINT; Schema: public; Owner: postgres
--

ALTER TABLE ONLY public."Users_user_permissions"
    ADD CONSTRAINT "Users_user_permissio_permission_id_7995fa19_fk_auth_perm" FOREIGN KEY (permission_id) REFERENCES public.auth_permission(id) DEFERRABLE INITIALLY DEFERRED;


--
-- TOC entry 3482 (class 2606 OID 38742)
-- Name: Users_user_permissions Users_user_permissions_user_id_c976b39e_fk_Users_id; Type: FK CONSTRAINT; Schema: public; Owner: postgres
--

ALTER TABLE ONLY public."Users_user_permissions"
    ADD CONSTRAINT "Users_user_permissions_user_id_c976b39e_fk_Users_id" FOREIGN KEY (user_id) REFERENCES public."Users"(id) DEFERRABLE INITIALLY DEFERRED;


--
-- TOC entry 3475 (class 2606 OID 38666)
-- Name: auth_group_permissions auth_group_permissio_permission_id_84c5c92e_fk_auth_perm; Type: FK CONSTRAINT; Schema: public; Owner: postgres
--

ALTER TABLE ONLY public.auth_group_permissions
    ADD CONSTRAINT auth_group_permissio_permission_id_84c5c92e_fk_auth_perm FOREIGN KEY (permission_id) REFERENCES public.auth_permission(id) DEFERRABLE INITIALLY DEFERRED;


--
-- TOC entry 3476 (class 2606 OID 38661)
-- Name: auth_group_permissions auth_group_permissions_group_id_b120cbf9_fk_auth_group_id; Type: FK CONSTRAINT; Schema: public; Owner: postgres
--

ALTER TABLE ONLY public.auth_group_permissions
    ADD CONSTRAINT auth_group_permissions_group_id_b120cbf9_fk_auth_group_id FOREIGN KEY (group_id) REFERENCES public.auth_group(id) DEFERRABLE INITIALLY DEFERRED;


--
-- TOC entry 3474 (class 2606 OID 38652)
-- Name: auth_permission auth_permission_content_type_id_2f476e4b_fk_django_co; Type: FK CONSTRAINT; Schema: public; Owner: postgres
--

ALTER TABLE ONLY public.auth_permission
    ADD CONSTRAINT auth_permission_content_type_id_2f476e4b_fk_django_co FOREIGN KEY (content_type_id) REFERENCES public.django_content_type(id) DEFERRABLE INITIALLY DEFERRED;


--
-- TOC entry 3483 (class 2606 OID 38763)
-- Name: django_admin_log django_admin_log_content_type_id_c4bce8eb_fk_django_co; Type: FK CONSTRAINT; Schema: public; Owner: postgres
--

ALTER TABLE ONLY public.django_admin_log
    ADD CONSTRAINT django_admin_log_content_type_id_c4bce8eb_fk_django_co FOREIGN KEY (content_type_id) REFERENCES public.django_content_type(id) DEFERRABLE INITIALLY DEFERRED;


--
-- TOC entry 3484 (class 2606 OID 38768)
-- Name: django_admin_log django_admin_log_user_id_c564eba6_fk_Users_id; Type: FK CONSTRAINT; Schema: public; Owner: postgres
--

ALTER TABLE ONLY public.django_admin_log
    ADD CONSTRAINT "django_admin_log_user_id_c564eba6_fk_Users_id" FOREIGN KEY (user_id) REFERENCES public."Users"(id) DEFERRABLE INITIALLY DEFERRED;


--
-- TOC entry 3518 (class 2606 OID 39156)
-- Name: token_blacklist_blacklistedtoken token_blacklist_blacklistedtoken_token_id_3cc7fe56_fk; Type: FK CONSTRAINT; Schema: public; Owner: postgres
--

ALTER TABLE ONLY public.token_blacklist_blacklistedtoken
    ADD CONSTRAINT token_blacklist_blacklistedtoken_token_id_3cc7fe56_fk FOREIGN KEY (token_id) REFERENCES public.token_blacklist_outstandingtoken(id) DEFERRABLE INITIALLY DEFERRED;


--
-- TOC entry 3519 (class 2606 OID 39122)
-- Name: token_blacklist_outstandingtoken token_blacklist_outstandingtoken_user_id_83bc629a_fk_Users_id; Type: FK CONSTRAINT; Schema: public; Owner: postgres
--

ALTER TABLE ONLY public.token_blacklist_outstandingtoken
    ADD CONSTRAINT "token_blacklist_outstandingtoken_user_id_83bc629a_fk_Users_id" FOREIGN KEY (user_id) REFERENCES public."Users"(id) DEFERRABLE INITIALLY DEFERRED;


-- Completed on 2024-09-06 17:35:04

--
-- PostgreSQL database dump complete
--

